Country,Code,ContinentCode,Year,Labor force million people,Unemployment rate,Unemployment rate for females,Youth unemployment ages 15-24,Foreign Direct Investment percent of GDP,Quality of roads 1(low) - 7(high),Quality of air transport infrastructure 1(low) - 7(high),Electricity production from renewable sources million kWh,Greenhouse gas emissions,Oil consumption thousand barrels per day,Employment in agriculture % of total employment,Population size in millions,Population density people per square km,Population ages 65 and above percent of total,Population ages 0-14 percent of total,Population growth percent,Primary school enrollment percent of all eligible children,Secondary school enrollment percent of all eligible children,Tertiary school enrollment percent of all eligible children,Value added by industry as percent of GDP
Austria,AUT,EU,2000,3.88,4.69,4.59,6.28,4.33,,,1598.33,78694,250,5.99,8.01,97,15.44,17.04,0.24,101.87,98.61,,28.61
Austria,AUT,EU,2001,3.87,4.01,4.13,6,2.9,,,1777.4,83002,267,5.75,8.04,97,15.46,16.82,0.38,102.47,98.86,,28.44
Austria,AUT,EU,2002,3.96,4.85,4.53,7.14,0.07,,,1667.7,84500,273,5.72,8.08,98,15.46,16.61,0.49,102.81,98.95,,27.67
Austria,AUT,EU,2003,3.99,4.78,4.34,7.43,2.38,,,2098.29,89432,289,5.45,8.12,98,15.47,16.43,0.49,102.38,99.4,,27.7
Austria,AUT,EU,2004,3.95,5.97,6.19,10.99,1.06,,,3010.18,90323,295,4.95,8.17,99,15.73,16.23,0.62,102.74,99.29,,27.61
Austria,AUT,EU,2005,4.01,5.68,5.89,11.18,25.83,,,3790.43,90357,299,5.27,8.23,100,16.21,16.01,0.68,102.09,100.2,,27.42
Austria,AUT,EU,2006,4.08,5.32,5.65,10.05,3.14,6.05,5.75,5012.94,88153,299,5.24,8.27,100,16.68,15.77,0.49,102.31,100.42,,27.59
Austria,AUT,EU,2007,4.17,4.91,5.34,9.6,17.81,6.16,5.89,6123.84,85204,293,5.53,8.3,101,17.03,15.5,0.32,102.77,100.1,63.8,27.77
Austria,AUT,EU,2008,4.21,4.2,4.45,8.72,1.47,6.37,6.21,6201.76,84954,284,5.45,8.32,101,17.28,15.25,0.31,102.27,100.13,66.2,27.41
Austria,AUT,EU,2009,4.25,5.37,5.13,10.9,3.58,6.45,6.17,6281.91,77767,269,5.57,8.34,101,17.53,15.02,0.26,101.36,100.59,67.99,26.28
Austria,AUT,EU,2010,4.27,4.88,4.68,9.67,-5.65,6.32,5.95,6635.36,83551,278,5.43,8.36,101,17.66,14.82,0.24,100.84,100.26,75.04,26.04
Austria,AUT,EU,2011,4.29,4.64,4.64,9.17,5.36,6.24,5.93,6671.17,81739,264,4.94,8.39,102,17.74,14.65,0.34,100.56,99.67,77.26,25.86
Austria,AUT,EU,2012,4.34,4.91,4.83,9.56,1.28,6.3,5.76,7481.03,78293,261,4.68,8.43,102,17.95,14.49,0.46,100.34,100.11,79.55,26.01
Austria,AUT,EU,2013,4.38,5.37,5.33,9.77,-0.3,6.22,5.4,8474.93,78909,264,4.58,8.48,103,18.2,14.37,0.59,100.75,101.17,80.96,25.97
Austria,AUT,EU,2014,4.41,5.67,5.43,10.51,0.39,6.27,5.41,9179.67,75143,261,4.84,8.55,104,18.39,14.3,0.78,100.97,101.3,81.02,25.79
Austria,AUT,EU,2015,4.46,5.8,5.37,10.91,-1.8,6.14,5.36,10425.71,76430,,4.53,8.64,105,18.46,14.3,1.12,101.1,101.41,82.26,25.52
Austria,AUT,EU,2016,4.54,6.06,5.59,11.42,-7.24,6,5.3,11111.39,76781,,4.35,8.74,106,18.5,14.37,1.08,100.43,100.23,82.85,25.91
Austria,AUT,EU,2017,4.57,5.56,5.1,9.97,3.38,6,5.2,12761.73,78699,,3.93,8.8,107,18.61,14.42,0.69,101.1,100.34,83.84,25.8
Austria,AUT,EU,2018,4.61,4.93,4.73,9.57,-6.15,5.9,5.1,12415.75,75582,,3.69,8.84,107,18.76,14.43,0.49,101.37,100.69,85.87,25.72
Austria,AUT,EU,2019,4.63,4.56,4.42,8.77,-2.85,6,5.2,13807.7,76623,,3.66,8.88,108,18.94,14.42,0.44,101.78,101.54,86.32,25.54
Austria,AUT,EU,2020,4.61,5.2,5.01,10.32,-2.76,,,13426.53,71018,,3.86,8.92,108,19.17,14.39,0.42,101.56,101.69,88.71,25.65
Austria,AUT,EU,2021,4.65,6.46,6.4,12.02,3.95,,,13864.13,,,3.73,8.96,109,19.46,14.36,0.44,101.64,102.31,93.94,25.73
Austria,AUT,EU,2022,4.72,4.99,4.8,10.33,3.03,,,,,,3.54,9.04,,19.79,14.35,0.96,100.78,101.46,94.51,25.21
Austria,AUT,EU,2023,4.76,5.26,5.03,10.98,0.57,,,,,,3.12,9.13,,20.16,14.3,1,,,,25.24
Austria,AUT,EU,2024,4.77,5.44,5.17,11.69,1.78,,,,,,,9.18,,20.61,14.23,,,,,23.06
Belgium,BEL,EU,2000,4.41,6.59,8.28,15.25,37.48,,,584,138266,606,1.91,10.25,339,16.81,17.61,0.24,102.91,146.92,56.2,24.94
Belgium,BEL,EU,2001,4.31,6.18,6.92,15.33,37.26,,,634,138694,609,1.38,10.29,340,16.9,17.55,0.34,103.43,155.95,56.71,24.31
Belgium,BEL,EU,2002,4.36,6.91,7.8,15.65,7.01,,,778,131374,617,1.79,10.33,341,16.98,17.46,0.45,103.61,157.65,58.11,23.79
Belgium,BEL,EU,2003,4.4,7.68,8,18.98,10.86,,,945,134761,655,1.72,10.38,343,17.07,17.35,0.42,103.78,158.88,59.61,23.23
Belgium,BEL,EU,2004,4.49,7.36,8.28,17.5,12.05,,,1179.11,132641,657,2.22,10.42,344,17.18,17.24,0.43,103.04,151.64,62.04,22.96
Belgium,BEL,EU,2005,4.63,8.44,9.51,21.48,8.73,,,1818.34,129913,660,2.04,10.48,346,17.22,17.13,0.55,103.11,157.34,62.82,22.57
Belgium,BEL,EU,2006,4.65,8.25,9.31,20.51,14.41,5.97,5.9,2593.22,125999,638,1.95,10.55,348,17.16,17.03,0.66,102.79,158.69,63.37,22.14
Belgium,BEL,EU,2007,4.74,7.46,8.44,18.84,20.5,6,6,3096.91,121216,640,1.86,10.63,351,17.08,16.94,0.73,102.45,159.44,62.46,22.28
Belgium,BEL,EU,2008,4.78,6.98,7.6,17.97,36.8,5.88,6.11,4006.96,123935,717,1.55,10.71,354,17.07,16.89,0.79,102.27,160.47,62.76,21.6
Belgium,BEL,EU,2009,4.8,7.91,8.11,21.94,15.95,5.78,6.16,5111.01,117422,643,1.49,10.8,357,17.1,16.89,0.8,102.26,159.66,64.98,20.49
Belgium,BEL,EU,2010,4.9,8.29,8.52,22.39,26.06,5.47,6.18,6318.7,124908,664,1.35,10.9,360,17.12,16.94,0.91,102.24,160.66,66.86,20.66
Belgium,BEL,EU,2011,4.88,7.14,7.18,18.72,31.04,5.36,6.22,8138.2,113152,625,1.3,11.04,365,17.25,16.98,1.3,101.27,159.35,67.7,20.75
Belgium,BEL,EU,2012,4.92,7.54,7.41,19.74,2.37,5.47,6.16,10164.6,111929,603,1.17,11.11,367,17.49,16.98,0.62,101.52,160.11,69.75,20
Belgium,BEL,EU,2013,4.97,8.43,8.17,23.69,-5.66,5.39,5.97,11351.4,112870,623,1.36,11.16,369,17.72,16.99,0.47,103.19,161.85,71.78,19.92
Belgium,BEL,EU,2014,4.98,8.52,7.94,23.23,-2.83,5.25,5.9,11927.1,106750,619,1.22,11.21,370,17.96,17,0.44,103.1,162.42,74.04,19.62
Belgium,BEL,EU,2015,4.99,8.48,7.77,22.13,-4.23,5.14,5.84,14142.7,111403,,1.18,11.27,372,18.16,16.99,0.58,102.24,164.08,76.42,19.48
Belgium,BEL,EU,2016,5,7.83,7.56,20.11,12.13,4.9,5.7,13890.2,110335,,1.25,11.33,374,18.36,16.98,0.51,102.06,160.69,77.24,19.1
Belgium,BEL,EU,2017,5.04,7.09,7.05,19.24,-7.44,4.5,5.7,15540.6,108194,,1.16,11.38,376,18.58,16.97,0.39,102.75,158.67,80.77,19.15
Belgium,BEL,EU,2018,5.09,5.94,5.56,15.75,-7.67,4.4,5.6,16897,108952,,0.99,11.43,377,18.81,16.95,0.46,102.5,156.51,79.12,18.96
Belgium,BEL,EU,2019,5.15,5.36,4.94,14.24,-1.97,4.4,5.6,19182.7,108086,,0.92,11.49,379,19.03,16.89,0.54,102.15,156.64,79.3,19.24
Belgium,BEL,EU,2020,5.12,5.55,5.35,15.33,-5.74,,,23200,100063,,0.92,11.54,381,19.22,16.8,0.43,102.06,151.73,79.5,19.08
Belgium,BEL,EU,2021,5.22,6.25,5.84,18.21,5.91,,,22307.4,,,0.94,11.59,383,19.45,16.68,0.41,101.82,143.16,82.69,18
Belgium,BEL,EU,2022,5.32,5.57,5.26,16.41,2,,,,,,0.91,11.68,,19.77,16.53,0.86,102.18,142.92,83.57,19.51
Belgium,BEL,EU,2023,5.37,5.53,5.05,16.12,-0.43,,,,,,1.09,11.79,,20.15,16.29,1.16,,,,18.54
Belgium,BEL,EU,2024,5.42,5.49,5.09,16.75,-5.35,,,,,,,11.88,,20.56,16,,,,,17.58
Bulgaria,BGR,EU,2000,3.44,16.22,15.81,33.21,7.56,,,0,57838,100,13.2,8.17,74,16.58,15.67,-0.49,104.7,79.88,42.34,22.68
Bulgaria,BGR,EU,2001,3.49,19.92,18.86,39.09,5.73,,,0,60217,101,9.69,8.01,72,16.8,15.23,-1.99,105.34,80.94,41.04,23.98
Bulgaria,BGR,EU,2002,3.4,18.11,17.36,35.61,5.52,,,0,57531,106,10.71,7.84,72,16.99,14.77,-2.17,109.65,83.98,41.43,24
Bulgaria,BGR,EU,2003,3.34,13.73,13.19,27.06,9.92,,,0,62398,102,11.14,7.78,71,17.12,14.36,-0.79,111.69,88.12,42.85,24.32
Bulgaria,BGR,EU,2004,3.38,12.04,11.62,24.5,11.75,,,0.81,61151,104,10.75,7.72,71,17.23,13.98,-0.75,111.75,90.53,43.69,23.13
Bulgaria,BGR,EU,2005,3.31,10.08,9.83,22.39,13.72,,,4.49,61138,114,8.94,7.66,70,17.34,13.67,-0.75,110.92,91.37,46.23,24.23
Bulgaria,BGR,EU,2006,3.42,8.95,9.3,19.58,22.9,2.33,3.46,20.03,61092,116,8.11,7.6,70,17.45,13.46,-0.76,108.82,92.41,47.79,25.37
Bulgaria,BGR,EU,2007,3.5,6.88,7.29,15.18,31.23,2.42,3.52,46.86,65265,114,7.54,7.55,69,17.57,13.35,-0.74,106.1,93.15,51.24,26.26
Bulgaria,BGR,EU,2008,3.56,5.61,5.76,12.8,18.9,2.3,3.64,137.69,62887,105,7.47,7.49,69,17.73,13.32,-0.7,104.16,92.38,52.65,24.99
Bulgaria,BGR,EU,2009,3.49,6.82,6.62,16.26,7.49,2.17,3.75,248,55398,102,7.09,7.44,69,17.91,13.37,-0.64,102.06,92.52,55.01,26.57
Bulgaria,BGR,EU,2010,3.42,10.28,9.61,21.95,3.64,2.08,4.1,731.19,57044,90,6.81,7.4,68,18.15,13.46,-0.66,101.4,94.18,58.35,23.75
Bulgaria,BGR,EU,2011,3.34,11.26,10.11,25.06,3.65,2.11,4.15,1017.87,62925,84,6.78,7.35,68,18.52,13.52,-0.64,101.12,96.44,59.82,25.03
Bulgaria,BGR,EU,2012,3.36,12.27,10.84,28.11,3.29,2.54,4,2065.31,57187,87,6.44,7.31,67,18.95,13.56,-0.58,100.36,95.39,62.16,25.38
Bulgaria,BGR,EU,2013,3.33,12.94,11.84,28.37,3.56,2.95,4.19,2876.04,52037,81,6.66,7.16,67,19.35,13.67,-0.56,98.79,100.79,68.2,23.51
Bulgaria,BGR,EU,2014,3.29,11.42,10.4,23.77,1.92,3.14,4.32,2786.86,54624,84,7.01,7.07,67,19.78,13.8,-0.57,99.25,104.94,72.98,23.44
Bulgaria,BGR,EU,2015,3.26,9.14,8.42,21.65,4.38,3.28,4.05,3104.72,57320,,6.86,6.98,66,20.21,13.91,-0.64,99.13,103.89,78.3,24.03
Bulgaria,BGR,EU,2016,3.16,7.57,6.97,17.22,2.76,3.4,4.1,3165.8,54456,,6.75,6.89,66,20.58,14.02,-0.7,98.08,103,80.64,24.46
Bulgaria,BGR,EU,2017,3.24,6.16,5.95,12.93,3.39,3.4,4.3,3303.95,56597,,7.01,6.8,65,20.87,14.17,-0.73,97.59,103.46,81.22,23.99
Bulgaria,BGR,EU,2018,3.18,5.21,4.65,12.68,2.73,3.5,4.4,4234.61,53370,,6.58,6.71,65,21.17,14.3,-0.72,96.79,104.04,83.13,22.19
Bulgaria,BGR,EU,2019,3.2,4.23,3.87,8.9,3.24,3.4,4.5,4555.84,51526,,6.62,6.62,64,21.48,14.39,-0.7,96.44,102.66,84.75,21.52
Bulgaria,BGR,EU,2020,3.12,5.13,4.76,14.21,4.69,,,4645.46,46493,,6.59,6.55,64,21.69,14.43,-0.6,96.54,101.35,85.53,21.82
Bulgaria,BGR,EU,2021,3.08,5.27,5.03,15.82,2.77,,,5489.2,,,6.29,6.51,63,21.7,14.48,-0.81,95.61,98.71,85.3,20.74
Bulgaria,BGR,EU,2022,3.13,4.27,4.06,10.74,5.59,,,,,,6.44,6.47,,21.7,14.54,-6.19,95.89,96.67,84.13,25.3
Bulgaria,BGR,EU,2023,3.13,4.32,4.22,12.05,5.45,,,,,,5.68,6.45,,21.83,14.54,-0.54,,,,22.66
Bulgaria,BGR,EU,2024,3.12,4.1,4.01,12.14,3.12,,,,,,,6.44,,22.03,14.47,,,,,22.49
Croatia,HRV,EU,2000,1.95,16.06,17.34,41.82,4.59,,,1.2,25206,86,16.45,4.47,80,15.92,16.92,-0.99,,,,24.2
Croatia,HRV,EU,2001,1.87,15.82,17.91,39.68,4.49,,,-0.5,26024,86,15.97,4.3,77,16.31,16.73,-3.85,101.51,94.78,36.37,23.8
Croatia,HRV,EU,2002,1.86,15.05,17.32,36.53,3.67,,,0.4,27073,89,15.55,4.3,77,16.66,16.51,0.06,100.78,95.02,39.16,22.91
Croatia,HRV,EU,2003,1.87,13.92,15.64,36.09,5.24,,,0.1,28179,91,16.87,4.3,77,16.98,16.26,0.03,100.99,95.5,42.38,23.34
Croatia,HRV,EU,2004,1.91,13.66,15.28,32.83,3.14,,,5.7,27904,95,16.97,4.3,77,17.24,16.03,0.03,,,44.08,24.15
Croatia,HRV,EU,2005,1.91,12.6,13.84,32.54,4.03,,,23.5,27841,96,17.3,4.31,77,17.47,15.84,0.13,100.14,99.08,47.29,23.77
Croatia,HRV,EU,2006,1.89,11.13,12.68,29.1,6.75,4.74,4.08,30,28571,103,14.24,4.31,77,17.65,15.67,0.02,99.38,99.03,48.6,23.4
Croatia,HRV,EU,2007,1.92,9.91,11.34,25.12,7.83,4.86,4.31,42.7,30078,98,12.35,4.31,77,17.81,15.53,-0.02,98.87,99.01,50.53,22.94
Croatia,HRV,EU,2008,1.93,8.53,10.35,23.68,7.67,5.03,4.27,60.1,29260,95,12.82,4.31,77,17.93,15.44,-0.01,97.9,99,52.35,22.76
Croatia,HRV,EU,2009,1.93,9.2,10.71,25.21,4.93,5.06,4.34,74.29,26711,90,13.32,4.31,77,17.94,15.37,-0.11,97.97,98.94,51.96,22.69
Croatia,HRV,EU,2010,1.91,11.62,12.31,32.35,2.62,5.29,4.57,172.62,26152,80,14.25,4.3,77,17.88,15.29,-0.23,98.07,98.9,57.07,21.37
Croatia,HRV,EU,2011,1.88,13.68,13.72,36.67,1.99,5.43,4.41,255.93,25869,79,14.59,4.28,76,17.95,15.14,-0.35,98.09,99.27,59.34,21.5
Croatia,HRV,EU,2012,1.86,15.94,15.98,42.12,2.55,5.33,4.32,424.85,23888,73,12.25,4.26,76,18.2,14.96,-0.31,98.72,99.35,62.03,21.04
Croatia,HRV,EU,2013,1.83,17.25,16.76,50.09,1.59,5.51,4.37,653.77,22803,69,10.79,4.23,76,18.48,14.81,-0.28,98.57,101.8,66.71,20.51
Croatia,HRV,EU,2014,1.87,17.29,18.27,45.6,5.35,5.62,4.19,929.26,21998,70,9.52,4.2,76,18.81,14.7,-0.41,98.91,102.53,68.64,20.65
Croatia,HRV,EU,2015,1.87,16.17,16.9,42.46,0.96,5.57,4.16,1118.9,22609,,9.23,4.15,75,19.23,14.62,-0.82,99.49,102.98,68.44,20.37
Croatia,HRV,EU,2016,1.8,13.1,13.79,31.41,2.99,5.5,4.1,1510.29,22671,,7.6,4.11,75,19.66,14.58,-0.7,98.79,103.72,69.59,20.28
Croatia,HRV,EU,2017,1.78,11.21,11.9,27.52,3.24,5.5,4.2,1809,23319,,6.98,4.04,74,20.14,14.57,-1.2,99.23,104.21,71.38,19.77
Croatia,HRV,EU,2018,1.74,8.43,9.34,23.9,2.67,5.5,4.6,2081.3,22214,,6.24,3.99,73,20.67,14.57,-0.89,98.88,104.96,72.86,19.29
Croatia,HRV,EU,2019,1.72,6.62,7.16,16.73,6.47,5.6,4.8,2521.3,22302,,6.19,3.95,73,21.18,14.53,-0.55,99,105.14,74.05,19.58
Croatia,HRV,EU,2020,1.71,7.51,7.58,21.22,2.54,,,2888.6,21379,,6.47,3.91,72,21.67,14.45,-0.43,99.49,105.59,74.74,20.1
Croatia,HRV,EU,2021,1.72,7.61,8.02,22,7.43,,,3400.9,,,6.8,3.88,69,22.1,14.38,-4.26,99.74,105.88,78.01,19.58
Croatia,HRV,EU,2022,1.74,6.96,7.91,18.08,5.52,,,,,,5.89,3.86,,22.48,14.3,-0.6,100.53,105.58,80.76,20.07
Croatia,HRV,EU,2023,1.73,6.09,6.62,18.9,3.96,,,,,,4.68,3.86,,22.82,14.14,-0.06,,,,21.01
Croatia,HRV,EU,2024,1.73,5.24,5.69,16.56,5.04,,,,,,,3.87,,23.19,13.92,,,,,19.84
Cyprus,CYP,EU,2000,0.44,4.77,7.5,8.9,8.56,,,0,8155,47,5.4,0.95,103,9.94,22.28,1.77,96.73,93.37,19.56,17.69
Cyprus,CYP,EU,2001,0.47,4.04,5.92,7.98,9.09,,,0,8072,52,4.84,0.96,104,10.03,21.74,1.73,96.65,93.45,21.61,17.39
Cyprus,CYP,EU,2002,0.48,3.34,4.31,7.45,9.66,,,0,8299,51,5.25,0.98,106,10.09,21.33,1.78,97.77,96.92,25.1,17.93
Cyprus,CYP,EU,2003,0.5,4.15,4.64,8.61,6.24,,,0,8972,52,5.19,1,108,10.14,20.96,1.83,97.39,97.56,31.96,18.01
Cyprus,CYP,EU,2004,0.51,4.77,6.4,10.21,6.46,,,0.81,8915,55,4.83,1.02,110,10.23,20.49,1.82,97.2,96.29,36.02,18.07
Cyprus,CYP,EU,2005,0.53,5.48,6.8,13.54,6.3,,,0.93,9025,56,4.74,1.04,112,10.34,19.92,1.79,99.87,94.01,34.1,17.89
Cyprus,CYP,EU,2006,0.54,4.59,5.49,9.87,9.33,5.35,5.02,1.36,9163,58,4.26,1.05,114,10.48,19.3,1.76,100.89,93.14,34.3,17.83
Cyprus,CYP,EU,2007,0.56,3.95,4.63,9.49,9.57,5.4,4.94,3.1,9494,58,4.39,1.07,116,10.66,18.66,1.73,100.69,92.91,36.23,18.2
Cyprus,CYP,EU,2008,0.57,3.76,4.44,8.53,44.55,5.76,5.39,14.92,9709,60,4.23,1.09,118,10.86,18.05,1.71,101.21,92.37,40.85,17.9
Cyprus,CYP,EU,2009,0.58,5.59,5.72,13.28,252.67,5.82,5.4,31.2,9538,58,3.93,1.11,120,11.08,17.48,1.69,102.18,91.93,47.7,15.95
Cyprus,CYP,EU,2010,0.6,6.36,6.51,15.85,125.27,5.59,5.44,73.12,9209,56,3.8,1.13,122,11.32,16.99,1.67,101.62,91.44,48.31,14.48
Cyprus,CYP,EU,2011,0.61,7.94,7.74,21.16,151.74,5.71,5.48,178.61,8961,55,3.83,1.15,124,11.55,16.62,1.35,101.2,92.83,46.54,12.75
Cyprus,CYP,EU,2012,0.62,12.1,11.3,27.24,289.86,5.64,5.39,257.03,8444,52,2.91,1.17,125,11.78,16.4,1,100.18,95.3,45.86,11.76
Cyprus,CYP,EU,2013,0.64,16.13,15.35,38.08,108.09,5.4,5.28,327.15,7740,46,3.11,1.18,126,12.02,16.22,0.9,99.76,98.31,47.53,10.75
Cyprus,CYP,EU,2014,0.65,16.28,15.22,35.52,233.17,5.31,5.06,317.44,8137,45,4.43,1.2,127,12.26,16.07,0.86,99.15,99.42,53.1,9.97
Cyprus,CYP,EU,2015,0.66,15.03,14.89,32.54,137.22,5.03,4.66,399.52,8214,,4,1.22,128,12.5,15.98,0.87,99.3,99.78,60.1,10.19
Cyprus,CYP,EU,2016,0.66,13.01,13.4,28.9,15.83,4.9,4.9,424.64,8598,,3.64,1.24,130,12.73,15.94,0.89,98.55,99.12,67.17,10.84
Cyprus,CYP,EU,2017,0.68,11.15,11.36,25.01,184.05,5.1,5.5,435.21,8738,,2.53,1.25,131,12.95,15.93,0.88,99.31,100.33,75.94,11.35
Cyprus,CYP,EU,2018,0.7,8.5,8.9,20.65,307.09,5.2,5.1,477.43,8560,,2.17,1.27,132,13.17,15.92,0.85,99.8,100.25,81.34,12.02
Cyprus,CYP,EU,2019,0.72,7.16,8.12,16.86,431.79,5.1,5.1,514.76,8542,,2.41,1.29,133,13.38,15.93,0.82,100.48,100.85,88.49,12.79
Cyprus,CYP,EU,2020,0.72,7.76,7.82,18.49,-296.01,,,596.66,8109,,2.73,1.3,134,13.61,15.95,0.71,100.74,101.43,92.94,12.82
Cyprus,CYP,EU,2021,0.74,7.51,8.03,17.17,15.05,,,774.76,,,2.85,1.32,135,13.85,15.99,0.54,99.1,102.5,96.54,11.48
Cyprus,CYP,EU,2022,0.76,6.81,7.79,18.71,52.91,,,,,,2.37,1.33,,14.08,16.03,0.59,97,104.01,98.3,10.31
Cyprus,CYP,EU,2023,0.77,6.1,6.17,16.93,-10.51,,,,,,2.37,1.34,,14.32,16.05,0.69,,,,10.49
Cyprus,CYP,EU,2024,0.77,5.6,5.76,15.64,,,,,,,,1.36,,14.62,16.07,,,,,10.32
Czechia,CZE,EU,2000,5.18,8.76,10.57,16.97,8.02,,,525.94,145672,170,5.3,10.26,133,13.76,16.46,-0.28,103.41,89.4,29.76,33.31
Czechia,CZE,EU,2001,5.15,8.13,9.88,16.56,8.28,,,523.08,145448,179,4.97,10.22,132,13.8,16.06,-0.38,104.47,94.59,32.03,33.74
Czechia,CZE,EU,2002,5.14,7.28,9.03,15.98,10.29,,,506.14,139899,176,4.66,10.2,132,13.83,15.69,-0.19,106.01,95.29,36.89,33.06
Czechia,CZE,EU,2003,5.13,7.78,9.89,17.56,2.01,,,496.07,143170,188,4.37,10.19,132,13.86,15.34,-0.03,106.41,96.05,39.21,32.21
Czechia,CZE,EU,2004,5.13,8.3,9.91,20.38,5.35,,,722.76,143452,206,4.1,10.2,132,13.92,15.01,0.03,106.53,95.47,45.42,33.45
Czechia,CZE,EU,2005,5.18,7.93,9.8,19.25,10,,,752.69,141940,213,3.84,10.21,132,14.06,14.71,0.14,106.74,96.05,49.12,33.53
Czechia,CZE,EU,2006,5.19,7.14,8.84,17.45,4.56,3.75,5.15,970.29,142995,211,3.6,10.24,133,14.25,14.45,0.27,104.37,97.46,49.88,34.28
Czechia,CZE,EU,2007,5.19,5.32,6.74,10.73,7.27,3.43,5.15,1321.64,144802,211,3.38,10.3,133,14.48,14.28,0.58,103.38,97.72,54.18,34.15
Czechia,CZE,EU,2008,5.2,4.39,5.61,9.87,3.73,3.12,5.36,1706.94,139368,215,3.17,10.38,134,14.78,14.21,0.83,102.21,98.08,57.92,33.62
Czechia,CZE,EU,2009,5.24,6.66,7.73,16.66,2.55,3.32,5.9,2225.59,133423,205,3.12,10.44,135,15.14,14.24,0.57,101.48,97.91,61.41,32.99
Czechia,CZE,EU,2010,5.23,7.28,8.46,18.36,4.82,3.55,6.08,3113.77,134692,201,3.1,10.47,136,15.46,14.4,0.29,101.04,98.65,64.93,32.78
Czechia,CZE,EU,2011,5.22,6.71,7.89,18.08,1.81,3.61,5.95,5285.03,132059,197,2.99,10.5,136,15.9,14.59,0.21,100.08,99.45,66.8,33.32
Czechia,CZE,EU,2012,5.25,6.98,8.2,19.51,4.48,3.73,5.97,5935.59,128574,194,3.05,10.51,136,16.5,14.76,0.14,99.36,99.77,66.93,32.61
Czechia,CZE,EU,2013,5.3,6.95,8.29,18.96,3.45,3.72,5.76,6574.68,123330,187,3.03,10.51,136,17.08,14.93,0.03,98.78,106.88,66.32,32.38
Czechia,CZE,EU,2014,5.3,6.11,7.4,15.84,3.84,3.7,5.55,7262.16,120622,200,2.75,10.53,136,17.61,15.1,0.11,97.68,106.12,67.4,33.53
Czechia,CZE,EU,2015,5.31,5.05,6.08,12.58,0.9,3.97,5.41,7626.23,122514,,2.93,10.55,137,18.1,15.27,0.2,96.96,104.81,67.23,33.52
Czechia,CZE,EU,2016,5.34,3.95,4.67,10.49,5.48,4.1,5.3,7384.46,124272,,2.9,10.57,137,18.6,15.44,0.19,96.91,103.02,67.51,33.03
Czechia,CZE,EU,2017,5.37,2.89,3.59,7.94,5.07,4,5.3,7758.21,124328,,2.8,10.59,137,19.09,15.61,0.27,97.23,102.2,67.71,32.23
Czechia,CZE,EU,2018,5.41,2.25,2.81,6.71,3.3,3.9,5.2,7802.81,123074,,2.8,10.63,138,19.53,15.78,0.33,98.27,101.51,66.79,31.24
Czechia,CZE,EU,2019,5.39,2.02,2.38,5.61,4.19,3.9,5,8069.03,117767,,2.66,10.67,138,19.95,15.91,0.39,99.28,100.22,66.88,30.82
Czechia,CZE,EU,2020,5.34,2.55,2.95,7.94,3.39,,,8252.69,108308,,2.61,10.7,139,20.29,16,0.24,99.78,99.33,67.18,29.67
Czechia,CZE,EU,2021,5.24,2.8,3.43,8.13,4.43,,,8303.07,,,2.55,10.51,136,20.54,16.07,-1.81,101.68,102.09,69.84,28.52
Czechia,CZE,EU,2022,5.37,2.22,2.77,6.72,3.03,,,,,,2.68,10.67,,20.52,15.95,1.57,100.98,102.94,70.81,29.22
Czechia,CZE,EU,2023,5.54,2.58,3.04,8.27,3.46,,,,,,2.74,10.86,,20.55,15.67,1.87,,,,30.42
Czechia,CZE,EU,2024,5.54,2.51,2.9,8.38,3.78,,,,,,,10.88,,20.85,15.4,,,,,30.23
Denmark,DNK,EU,2000,2.86,4.48,4.97,6.73,21.95,,,5542,70523,210,3.67,5.34,133,14.82,18.5,0.33,99.67,126.85,58.37,23.68
Denmark,DNK,EU,2001,2.85,4.16,4.78,8.23,5.63,,,5818,72212,213,3.55,5.36,134,14.8,18.66,0.36,99.72,129.88,61.37,22.9
Denmark,DNK,EU,2002,2.88,4.27,4.32,7.04,2.48,,,6757,71564,197,3.21,5.38,134,14.82,18.77,0.32,101.69,125.11,64.22,22.66
Denmark,DNK,EU,2003,2.88,5.4,5.75,9.8,0.54,,,8057,77082,188,3.29,5.39,135,14.87,18.83,0.27,,124.62,68.17,22.17
Denmark,DNK,EU,2004,2.9,5.2,5.44,7.78,-3.49,,,9492,70908,185,3.27,5.4,135,14.96,18.83,0.26,100,121.35,74.97,22.14
Denmark,DNK,EU,2005,2.9,4.83,5.28,8.6,4.85,,,9789,67219,183,3.18,5.42,135,15.09,18.77,0.28,98.21,122.08,80.81,22.11
Denmark,DNK,EU,2006,2.93,3.9,4.53,7.69,0.84,6.36,6.41,9178,74875,190,3.09,5.44,136,15.25,18.67,0.33,99.35,118.17,78.51,22.69
Denmark,DNK,EU,2007,2.93,3.8,4.2,7.49,3.69,6.42,6.45,10277,69975,191,2.96,5.46,137,15.46,18.53,0.44,100,117.99,78.24,22.06
Denmark,DNK,EU,2008,2.92,3.68,4.07,9.47,0.62,6.23,6.44,10070,66418,181,2.71,5.49,137,15.74,18.37,0.59,99.66,117.27,74.86,22.61
Denmark,DNK,EU,2009,2.91,6.41,5.67,13.44,1.17,6.06,6.43,10044.2,63486,167,2.76,5.52,138,16.1,18.19,0.54,100,117.13,73.11,19.85
Denmark,DNK,EU,2010,2.89,7.75,6.76,15.55,-3.57,6.17,6.37,12408.38,63737,167,2.54,5.55,139,16.56,17.99,0.44,100.18,118.94,72.5,19.37
Denmark,DNK,EU,2011,2.89,7.77,7.62,16.31,3.94,6.29,6.32,14164.06,58249,164,2.39,5.57,139,17.08,17.78,0.41,101.2,121.82,75.93,19.85
Denmark,DNK,EU,2012,2.88,7.8,7.79,15.77,-5,5.73,5.97,14820.44,53122,155,2.64,5.59,140,17.6,17.56,0.38,101.51,124.58,77.75,19.85
Denmark,DNK,EU,2013,2.85,7.38,7.67,14.77,0.2,5.45,5.64,15954.72,54526,155,2.59,5.61,140,18.05,17.33,0.42,101.3,131.69,80.42,19.73
Denmark,DNK,EU,2014,2.87,6.93,7.14,14.2,1.86,5.43,5.56,17968.68,50328,154,2.48,5.64,141,18.42,17.11,0.51,101.18,132.45,81.31,19.4
Denmark,DNK,EU,2015,2.9,6.28,6.53,12.15,0.61,5.59,5.58,18919.07,48304,,2.49,5.68,142,18.7,16.92,0.71,100.88,133.8,83.3,19.56
Denmark,DNK,EU,2016,2.94,5.99,6.38,12.15,2.5,5.7,5.8,18371.02,49939,,2.33,5.73,143,18.94,16.77,0.78,101.04,131.44,82.17,20.23
Denmark,DNK,EU,2017,2.97,5.83,6.05,12.38,1.09,5.5,6.1,21780.91,47663,,2.11,5.76,144,19.18,16.67,0.64,100.78,130.32,81.32,20.42
Denmark,DNK,EU,2018,2.99,5.13,5.35,10.52,2.47,5.5,5.8,20745.47,47108,,2.19,5.79,145,19.44,16.55,0.5,100.75,129.85,81.14,20.58
Denmark,DNK,EU,2019,3.03,5.02,5.27,10.04,-1.1,5.6,5.8,23057.2,43570,,2.22,5.81,145,19.71,16.43,0.36,100.55,129.31,81.69,20.64
Denmark,DNK,EU,2020,3.03,5.64,5.98,11.59,0.36,,,23429.87,41136,,2.11,5.83,146,20,16.31,0.29,100.46,130,82.66,19.56
Denmark,DNK,EU,2021,3.08,5.04,5.14,10.81,4.16,,,26079.91,,,2.04,5.86,146,20.25,16.17,0.43,100.31,131.77,83.98,19.8
Denmark,DNK,EU,2022,3.15,4.43,4.49,10.53,7.67,,,,,,2.12,5.9,,20.4,16.04,0.79,100.24,130.33,84.59,20.84
Denmark,DNK,EU,2023,3.19,5.09,5.27,11.5,1.12,,,,,,2.02,5.95,,20.6,15.87,0.74,,,,23.49
Denmark,DNK,EU,2024,3.21,5.59,5.91,12.12,4.21,,,,,,,5.98,,20.87,15.7,,,,,23.99
Estonia,EST,EU,2000,0.68,13.36,11.61,21.11,7.32,,,13.3,18061,21,6.36,1.4,33,14.99,17.63,0.48,104.32,95.02,54.4,24.88
Estonia,EST,EU,2001,0.67,13.13,13.24,23.85,9.49,,,11,18336,24,6.34,1.39,33,15.29,17.15,-0.64,105.54,96.22,58.72,25.38
Estonia,EST,EU,2002,0.65,10.03,8.68,20.19,4.59,,,24,17892,25,6.6,1.38,33,15.65,16.65,-0.63,105.47,99.08,61.75,25.48
Estonia,EST,EU,2003,0.68,11.29,10.38,26.72,10.51,,,36,19781,24,6.24,1.37,32,16.03,16.11,-0.63,105.65,99.08,64.22,26.11
Estonia,EST,EU,2004,0.68,10.25,8.83,25.6,8.95,,,38,19914,25,5.06,1.36,32,16.39,15.61,-0.6,104.81,101.45,65.78,25.43
Estonia,EST,EU,2005,0.67,8.03,6.91,15.12,21.67,,,89,19904,26,5.19,1.35,32,16.72,15.21,-0.57,103.57,104.22,67.98,26.26
Estonia,EST,EU,2006,0.69,5.91,5.59,12.12,10.33,3.68,5.21,115.8,19200,28,5.06,1.35,32,17.08,14.96,-0.59,102.76,104.03,68.8,26.94
Estonia,EST,EU,2007,0.69,4.59,3.76,10.1,13.51,3.78,4.99,124.6,22932,30,4.78,1.34,32,17.37,14.85,-0.46,101.68,105.09,68.82,26.84
Estonia,EST,EU,2008,0.7,5.45,5.14,12.03,8.12,4,5.1,169.51,20663,28,3.9,1.34,32,17.44,14.89,-0.27,100.8,105.4,67.84,26.13
Estonia,EST,EU,2009,0.69,13.55,10.3,27.41,9.51,4.22,4.87,509.63,17144,26,4.05,1.33,31,17.43,15.04,-0.19,100.18,107.43,67.85,23.28
Estonia,EST,EU,2010,0.68,16.71,14.09,32.94,13.28,4.53,4.55,1016.96,21672,26,4.22,1.33,31,17.44,15.24,-0.23,99.6,110.89,68.71,24.03
Estonia,EST,EU,2011,0.69,12.33,11.58,22.39,4.8,4.49,4.39,1149.87,21638,26,4.41,1.33,31,17.57,15.43,-0.3,99.04,112.29,71.02,25.35
Estonia,EST,EU,2012,0.68,10.02,9.1,20.86,7.69,4.22,4.46,1434.93,20164,30,4.49,1.32,31,17.86,15.59,-0.36,98.32,112.54,72.94,24.63
Estonia,EST,EU,2013,0.68,8.63,8.15,18.7,4.31,4.2,4.14,1194.94,22030,30,4.26,1.32,30,18.2,15.74,-0.36,97.68,110.52,75.45,24.68
Estonia,EST,EU,2014,0.68,7.35,6.81,14.98,6.59,4.39,3.78,1364.77,20799,29,3.86,1.31,30,18.56,15.89,-0.26,97.59,107.69,76.2,24.11
Estonia,EST,EU,2015,0.68,6.41,6.32,14.34,-3.07,4.53,3.73,1538.55,17593,,4.03,1.32,30,18.89,16.01,0.07,97.12,108.19,74.58,23.12
Estonia,EST,EU,2016,0.69,6.88,6.16,14.13,3.77,4.7,4.5,1552.69,18997,,3.9,1.32,30,19.19,16.15,0.03,97.29,111.6,73.03,23.23
Estonia,EST,EU,2017,0.7,5.81,5.24,12.18,6.32,4.7,5.1,1832.52,19899,,3.63,1.32,31,19.47,16.28,0.12,97.25,113.25,72.14,23.18
Estonia,EST,EU,2018,0.7,5.41,5.26,12.08,4.08,4.7,4.6,1973.8,18818,,3.43,1.32,31,19.68,16.36,0.35,97.46,112.76,72.07,23.29
Estonia,EST,EU,2019,0.7,4.51,4.93,11.62,9.77,4.7,4.6,2123.52,13175,,3.34,1.33,31,19.9,16.43,0.37,98.16,112.29,72.71,22.31
Estonia,EST,EU,2020,0.7,6.96,6.77,18.42,12.01,,,2940.69,10199,,3.08,1.33,31,20.2,16.44,0.2,98.35,112.53,72.04,21.77
Estonia,EST,EU,2021,0.7,6.18,5.54,16.62,20.31,,,2855.53,,,2.68,1.33,31,20.43,16.38,0.11,98.81,113.01,73.15,22.65
Estonia,EST,EU,2022,0.74,5.57,5.06,18.39,4.89,,,,,,2.6,1.35,,20.63,16.23,1.34,99.26,112.55,71.43,23.34
Estonia,EST,EU,2023,0.76,6.38,6.64,17.21,12.96,,,,,,2.6,1.37,,20.91,15.97,1.28,,,,21.74
Estonia,EST,EU,2024,0.76,7.83,8.42,20.9,-8.18,,,,,,,1.37,,21.3,15.64,,,,,20.48
Finland,FIN,EU,2000,2.6,11.13,11.99,29.33,10.72,,,8718.58,69644,214,6.21,5.18,17,14.92,18.15,0.21,99.72,125.49,82.59,31.6
Finland,FIN,EU,2001,2.63,10.29,10.76,27.32,2.49,,,8341.72,75434,212,5.84,5.19,17,15.08,18,0.23,99.69,128.17,85.95,30.95
Finland,FIN,EU,2002,2.65,10.42,10.17,28.8,5.77,,,9053.87,77694,219,5.53,5.2,17,15.25,17.87,0.24,99.64,129.49,86.79,30.12
Finland,FIN,EU,2003,2.67,10.47,9.94,28.1,3.48,,,9474.1,85920,223,5.28,5.21,17,15.46,17.72,0.24,99.69,132.24,88.29,29.54
Finland,FIN,EU,2004,2.67,10.36,10.58,27.4,3.43,,,10561.32,81847,221,5.01,5.23,17,15.72,17.55,0.29,99.79,110.78,90.14,29.38
Finland,FIN,EU,2005,2.7,9.6,9.65,26.78,5.31,,,9683.57,69487,219,4.83,5.25,17,15.94,17.36,0.34,99.78,111.33,91.94,29.26
Finland,FIN,EU,2006,2.72,8.94,9.14,25.77,2.14,5.45,6.28,10971.71,81097,222,4.67,5.27,17,16.23,17.17,0.38,99.77,110.28,93.43,30.25
Finland,FIN,EU,2007,2.68,6.85,7.19,16.43,8.57,5.64,6.31,10146.43,79087,223,4.54,5.29,17,16.49,16.98,0.43,99.66,109.04,95.08,30.67
Finland,FIN,EU,2008,2.72,6.37,6.69,16.34,6.79,5.84,6.43,10668.59,70815,217,4.52,5.31,17,16.63,16.8,0.47,99.72,108.3,95.87,29.57
Finland,FIN,EU,2009,2.69,8.25,7.57,21.38,-3.48,5.89,6.33,9012.97,67296,206,4.63,5.34,18,16.88,16.67,0.48,99.66,107.7,92.02,25.66
Finland,FIN,EU,2010,2.67,8.39,7.64,21.29,4.9,5.86,6.15,11273.05,75320,214,4.44,5.36,18,17.26,16.56,0.46,99.69,108.61,93.19,26.19
Finland,FIN,EU,2011,2.69,7.78,7.1,19.93,-2.18,5.83,6.16,11730.73,67633,209,4.23,5.39,18,17.82,16.49,0.46,99.79,109.25,93.29,25.04
Finland,FIN,EU,2012,2.7,7.69,7.05,18.87,1.92,6.09,6.2,11701.2,61976,201,4.16,5.41,18,18.45,16.44,0.48,99.71,109.96,91.55,23.36
Finland,FIN,EU,2013,2.69,8.19,7.52,19.82,-1.83,6.1,6.22,12791.74,62746,197,4.13,5.44,18,19.07,16.42,0.46,99.69,145.65,91.24,23.3
Finland,FIN,EU,2014,2.68,8.66,7.95,20.45,6.42,5.87,6.17,12873.96,58687,193,4.26,5.46,18,19.67,16.4,0.41,99.66,147.41,89.99,23.06
Finland,FIN,EU,2015,2.69,9.38,8.84,22.3,7.54,5.78,6.05,13758.37,55210,,4.22,5.48,18,20.21,16.36,0.33,99.57,150.82,89.66,23.3
Finland,FIN,EU,2016,2.69,8.82,8.58,20.06,2.19,5.7,6.2,14613.24,57902,,3.86,5.5,18,20.68,16.29,0.29,99.51,152.47,89.33,23.48
Finland,FIN,EU,2017,2.71,8.64,8.39,20.04,6.66,5.4,6.3,16703.18,55043,,3.76,5.51,18,21.15,16.2,0.23,99.47,153.58,90.7,24.47
Finland,FIN,EU,2018,2.75,7.36,7.3,16.96,-3.84,5.3,6.2,18838,56200,,3.71,5.52,18,21.62,16.07,0.13,99.7,153.65,92.39,24.11
Finland,FIN,EU,2019,2.75,6.7,6.17,17.13,6.1,5.3,6.3,19462.41,52763,,3.78,5.52,18,22.06,15.88,0.11,99.56,144.61,94.59,24.15
Finland,FIN,EU,2020,2.74,7.76,7.49,21.19,-0.94,,,20044.49,47740,,3.66,5.53,18,22.49,15.66,0.14,99.82,143.12,96.47,24.23
Finland,FIN,EU,2021,2.8,7.62,7.04,17.06,8.01,,,22382.39,,,4.11,5.54,18,22.87,15.45,0.21,99.35,143.36,100.87,24.23
Finland,FIN,EU,2022,2.85,6.72,6.37,14.14,4.67,,,,,,3.76,5.56,,23.23,15.22,0.27,98.62,144.85,104.94,25.18
Finland,FIN,EU,2023,2.86,7.15,6.41,16.11,-0.12,,,,,,3.61,5.58,,23.58,14.94,0.51,,,,23.48
Finland,FIN,EU,2024,2.9,8.26,7.47,19.17,0.66,,,,,,,5.64,,23.9,14.63,,,,,22.13
France,FRA,EU,2000,27.31,10.22,12.2,20.48,3.04,,,3039.94,506378,2001,4.14,60.92,111,16.01,18.93,0.69,100.43,105.59,50.6,21.13
France,FRA,EU,2001,27.44,8.61,10.52,17.91,3.66,,,3471.75,511552,2054,4.07,61.36,112,16.12,18.87,0.73,100.38,104.57,50.45,20.76
France,FRA,EU,2002,27.81,8.7,9.8,18.85,3.45,,,3810.73,504639,1991,4.13,61.81,113,16.22,18.79,0.73,100.25,103.19,50.25,20.36
France,FRA,EU,2003,28.35,8.31,9.14,17.18,2.31,,,4113.53,509782,2001,4.25,62.25,114,16.28,18.69,0.71,99.98,102.77,52.32,19.92
France,FRA,EU,2004,28.51,8.91,9.88,19.67,1.69,,,4386.41,508081,2008,3.87,62.71,115,16.37,18.59,0.74,99.81,102.22,53.46,19.67
France,FRA,EU,2005,28.83,8.88,9.85,21.23,3.88,,,4845.85,509361,1990,3.6,63.18,115,16.44,18.5,0.75,104.64,106.78,53.88,19.36
France,FRA,EU,2006,29.01,8.83,9.68,22.45,3.41,6.64,6.41,6036.65,499563,1991,3.67,63.62,116,16.44,18.46,0.69,104.28,106.93,53.88,19.02
France,FRA,EU,2007,29.27,8.01,8.6,19.64,3.15,6.66,6.47,8304.39,492868,1979,3.43,64.02,117,16.46,18.44,0.62,103.86,106.69,52.95,18.9
France,FRA,EU,2008,29.46,7.39,7.92,19.21,2.32,6.72,6.5,10172.68,486835,1944,2.76,64.38,118,16.55,18.46,0.56,103.62,106.43,52.48,18.63
France,FRA,EU,2009,29.69,9.12,9.36,24.01,0.68,6.63,6.31,12663.94,468968,1868,2.95,64.71,118,16.66,18.51,0.51,103.04,106.24,52.77,18.02
France,FRA,EU,2010,29.78,9.28,9.65,23.59,1.47,6.6,6.29,15483.01,472918,1822,2.92,65.03,119,16.78,18.53,0.49,102.76,106.42,54.88,17.59
France,FRA,EU,2011,29.82,9.23,9.71,23.02,1.54,6.56,6.33,20285.91,456764,1779,2.93,65.34,119,17.06,18.54,0.48,102.69,106.61,55.63,17.68
France,FRA,EU,2012,30.07,9.84,9.97,24.95,1.23,6.48,6.21,25420.54,460350,1739,2.94,65.66,120,17.48,18.53,0.48,102.52,105.81,57.91,17.47
France,FRA,EU,2013,30.29,9.91,9.77,24.36,1.19,6.4,6.06,27508.36,461320,1714,3.07,66,121,17.93,18.44,0.52,102.28,104.38,59.85,17.57
France,FRA,EU,2014,30.19,10.27,10.01,24.83,0.18,6.17,5.81,30265.18,427859,1692,2.85,66.31,121,18.39,18.35,0.47,101.28,103.43,61.51,17.34
France,FRA,EU,2015,30.26,10.35,9.88,25.26,1.77,6.08,5.84,36280.06,433263,,2.74,66.55,122,18.85,18.24,0.36,101.99,103.4,62.79,17.24
France,FRA,EU,2016,30.28,10.06,9.85,24.94,1.44,6,5.9,38161.55,433666,,2.87,66.72,122,19.28,18.08,0.26,102.26,103.31,64.73,16.94
France,FRA,EU,2017,30.35,9.41,9.37,22.57,1.69,6,5.7,42633.04,436923,,2.61,66.92,122,19.67,17.93,0.29,102.42,103.76,65.8,16.75
France,FRA,EU,2018,30.53,9.02,9.06,20.95,2.79,6,5.5,48508.74,422400,,2.5,67.16,123,20.04,17.78,0.36,102.46,103.77,67.54,16.73
France,FRA,EU,2019,30.5,8.41,8.35,19.93,1.96,5.4,5.5,56303.28,412999,,2.52,67.38,123,20.41,17.61,0.34,102.45,104.08,67.73,16.91
France,FRA,EU,2020,30.29,8.01,7.95,20.4,0.73,,,62699.72,376006,,2.35,67.6,123,20.75,17.44,0.27,102.65,104.57,68.87,16.27
France,FRA,EU,2021,31.18,7.87,7.77,19.28,3.3,,,62761.67,,,2.51,67.84,124,21.05,17.25,0.29,102.58,104.52,69.94,16.09
France,FRA,EU,2022,31.54,7.31,7.14,17.85,3.92,,,,,,2.59,68.07,,21.38,17.03,0.31,102.72,104.26,71.42,16.2
France,FRA,EU,2023,31.62,7.34,7.2,17.27,0.29,,,,,,2.51,68.29,,21.75,16.78,0.29,,,,18.47
France,FRA,EU,2024,31.73,7.37,7.34,16.57,1.75,,,,,,,68.52,,22.15,16.51,,,,,17.55
Germany,DEU,EU,2000,40.21,7.92,8.27,8.55,12.61,,,13743,959125,2767,2.64,82.21,236,16.46,15.65,0.14,105.39,99.13,,27.25
Germany,DEU,EU,2001,40.3,7.77,7.78,7.79,2.9,,,15162,977886,2807,2.62,82.35,236,16.86,15.48,0.17,106.65,99.55,,26.58
Germany,DEU,EU,2002,40.39,8.48,8.21,9.28,2.44,,,21353,961781,2710,2.49,82.49,236,17.27,15.26,0.17,104.92,100.85,,25.8
Germany,DEU,EU,2003,40.57,9.78,9.28,11.02,2.58,,,28349,963015,2679,2.42,82.53,237,17.72,15.01,0.06,103.67,101.23,,25.62
Germany,DEU,EU,2004,40.42,10.73,10.08,12.98,-0.72,,,37211,946508,2648,2.36,82.52,237,18.27,14.75,-0.02,103.64,101.38,,25.84
Germany,DEU,EU,2005,41.13,11.19,10.94,15.46,2.07,,,43764,924532,2624,2.37,82.47,236,18.86,14.49,-0.06,103.44,101.44,,25.69
Germany,DEU,EU,2006,41.69,10.28,10.27,13.4,2.87,6.55,6.65,52480,933323,2636,2.27,82.38,236,19.5,14.21,-0.11,104.26,102.49,,26.26
Germany,DEU,EU,2007,41.8,8.73,8.77,11.82,1.46,6.55,6.71,68199,904887,2407,2.26,82.27,236,19.99,13.99,-0.13,104.79,102.01,,26.46
Germany,DEU,EU,2008,41.8,7.51,7.72,10.93,0.81,6.54,6.67,73840,907721,2533,1.78,82.11,236,20.29,13.84,-0.19,105.1,103.24,,26.06
Germany,DEU,EU,2009,41.82,7.88,7.49,11.31,1.63,6.49,6.61,76908,851247,2434,1.68,81.9,235,20.52,13.76,-0.25,104.82,103.31,,23.87
Germany,DEU,EU,2010,41.86,7.04,6.59,10.42,2.48,6.42,6.61,84227,881693,2467,1.65,81.78,235,20.57,13.7,-0.15,104.34,104.89,,26.06
Germany,DEU,EU,2011,41.52,5.97,5.71,8.93,2.55,6.15,6.45,106366,852006,2392,1.64,80.27,230,20.52,13.58,-1.85,104.42,105.35,,26.31
Germany,DEU,EU,2012,41.76,5.37,5.23,8.12,1.82,6.09,6.35,121287,865209,2389,1.56,80.43,231,20.64,13.39,0.19,104.14,104.44,,26.58
Germany,DEU,EU,2013,42.18,5.32,4.99,7.82,1.76,6.01,6.08,129341,881583,2435,1.45,80.65,231,20.81,13.23,0.27,103.64,103.94,60.9,25.91
Germany,DEU,EU,2014,42.45,4.98,4.63,7.61,0.44,5.88,5.94,142939,840763,2374,1.43,80.98,232,20.96,13.18,0.42,102.62,103.3,65.18,26.01
Germany,DEU,EU,2015,42.69,4.61,4.2,7.33,1.82,5.72,5.95,169808,845438,,1.39,81.69,234,21.05,13.21,0.87,102.7,102.19,68.23,25.92
Germany,DEU,EU,2016,43.12,4.1,3.72,7.08,1.64,5.6,5.9,169126,848445,,1.31,82.35,236,21.13,13.33,0.81,101.41,100.85,67.95,26.22
Germany,DEU,EU,2017,43.39,3.78,3.32,6.77,2.89,5.5,5.8,196173,831156,,1.28,82.66,237,21.29,13.46,0.37,101.74,101.1,68.47,26.12
Germany,DEU,EU,2018,43.61,3.38,2.9,6.22,4,5.5,5.6,204382,802490,,1.25,82.91,237,21.45,13.56,0.3,102.65,100.84,69.16,25.94
Germany,DEU,EU,2019,43.98,3.16,2.72,5.86,1.91,5.3,5.5,220601.01,751652,,1.2,83.09,238,21.63,13.66,0.23,102.55,101.15,72.71,25.63
Germany,DEU,EU,2020,43.37,3.88,3.49,7.86,4.49,,,232760,692751,,1.22,83.16,238,21.84,13.76,0.08,102,101.31,72.39,25.38
Germany,DEU,EU,2021,43.28,3.59,3.14,6.66,2.93,,,211143.2,,,1.25,83.2,238,22.13,13.86,0.04,101.35,101.2,75.67,25.31
Germany,DEU,EU,2022,43.95,3.12,2.8,6.04,2.09,,,,,,1.24,83.8,,22.46,13.91,0.72,100.22,100.82,77.37,25.69
Germany,DEU,EU,2023,44.14,3.07,2.84,5.95,1.71,,,,,,1.2,83.9,,22.79,13.92,0.81,,,,27.29
Germany,DEU,EU,2024,43.77,3.41,3.1,6.7,1.02,,,,,,,83.51,,23.2,13.91,,,,,25.84
Greece,GRC,EU,2000,4.68,11.35,17.42,28.96,-0.01,,,451,117890,399,16.75,10.81,84,17.03,15.82,0.41,102.31,97.1,52.67,18.71
Greece,GRC,EU,2001,4.64,10.76,16.37,27.82,0,,,835.1,118463,406,15.32,10.86,84,17.26,15.74,0.52,101.49,102.05,59.92,19.15
Greece,GRC,EU,2002,4.69,10.35,15.86,26.71,0.02,,,777.1,118735,408,14.54,10.9,85,17.53,15.62,0.37,93.63,98.18,66.89,19.02
Greece,GRC,EU,2003,4.75,9.84,15.32,26.5,0.72,,,1126.1,121952,429,14.19,10.93,85,17.83,15.42,0.24,96.36,94.34,72.91,20.51
Greece,GRC,EU,2004,4.83,10.63,16.51,26.57,0.91,,,1245.63,122010,420,11.48,10.96,85,18.1,15.2,0.25,99.34,92.89,80.41,20.48
Greece,GRC,EU,2005,4.87,10.07,15.71,25.81,0.28,,,1389.9,124040,424,11.34,10.99,85,18.32,15,0.29,99.72,96.84,90.35,18.4
Greece,GRC,EU,2006,4.92,8.91,13.8,24.66,2.01,4.31,5.42,1814.59,122488,444,11.01,11.02,85,18.49,14.83,0.3,99.14,96.82,95.08,20.5
Greece,GRC,EU,2007,4.93,8.35,12.97,22.73,0.62,4.24,5.48,2003.84,126335,450,10.61,11.05,86,18.6,14.69,0.25,98.76,95.98,90.54,18.75
Greece,GRC,EU,2008,4.95,7.66,11.39,21.61,1.63,4.18,5.54,2438.53,121980,429,10.62,11.08,86,18.71,14.63,0.27,,,,16.67
Greece,GRC,EU,2009,5,9.55,13.28,25.47,0.85,4.11,5.48,2810.78,115419,403,11.09,11.11,86,18.88,14.63,0.26,,,,16.09
Greece,GRC,EU,2010,5.02,12.72,16.43,33.01,0.18,4.13,5.4,3061.92,108552,372,11.87,11.12,86,19.16,14.63,0.13,99.97,107.82,101.69,15.07
Greece,GRC,EU,2011,4.94,17.97,21.71,44.95,0.39,3.98,5.4,4132.76,105447,351,11.75,11.1,86,19.51,14.65,-0.15,99.5,105.96,105.81,14.38
Greece,GRC,EU,2012,4.89,24.73,28.59,55.66,0.7,3.98,5.35,5747.79,101006,306,12.34,11.05,86,19.89,14.67,-0.54,99.5,106.29,110.12,14.8
Greece,GRC,EU,2013,4.83,27.69,31.65,58.49,1.25,4.21,5.26,8003.13,93348,283,13.15,10.97,85,20.29,14.66,-0.73,98.73,107.41,112.71,15.06
Greece,GRC,EU,2014,4.77,26.71,30.49,52.65,1.15,4.32,5.16,7700.64,90264,284,13.09,10.89,85,20.7,14.59,-0.67,97.96,103.47,119.1,14.14
Greece,GRC,EU,2015,4.74,24.98,28.99,49.73,0.65,4.28,5.12,8751.98,88528,,12.5,10.82,84,21.08,14.48,-0.66,99.83,103.38,,14.44
Greece,GRC,EU,2016,4.72,23.51,28.02,47.22,1.4,4.3,4.9,9350.3,87235,,11.93,10.78,84,21.4,14.44,-0.42,99.37,103.95,131.4,14.31
Greece,GRC,EU,2017,4.7,21.41,25.98,43.39,1.72,4.5,4.8,9839.31,86847,,11.67,10.75,83,21.66,14.42,-0.2,98.83,104.23,135.33,13.54
Greece,GRC,EU,2018,4.67,19.18,24.05,40.01,1.89,4.7,5.2,10405.88,84140,,11.85,10.73,83,21.9,14.37,-0.2,97.8,103.89,140.95,13.68
Greece,GRC,EU,2019,4.67,17.05,21.2,34.75,2.41,4.6,5.4,12097.97,78650,,11.15,10.72,83,22.13,14.3,-0.11,97.64,106.53,143.96,13.41
Greece,GRC,EU,2020,4.6,15.9,19.27,33.74,1.73,,,14210.81,69283,,10.29,10.7,83,22.39,14.17,-0.21,97.28,103.62,143.69,14.3
Greece,GRC,EU,2021,4.57,14.66,18.84,35.39,2.81,,,16233.6,,,11.36,10.57,82,22.84,14.02,-1.22,97.33,104.78,150.61,14.77
Greece,GRC,EU,2022,4.66,12.43,16.36,31.29,3.63,,,,,,11.16,10.44,,23.23,13.85,-1.36,101.19,106.22,166.67,16.7
Greece,GRC,EU,2023,4.66,11.07,14.29,26.64,1.94,,,,,,11.48,10.41,,23.48,13.59,-0.63,,,,15.28
Greece,GRC,EU,2024,4.65,10.13,12.99,24.74,2.51,,,,,,,10.39,,23.94,13.22,,,,,15.36
Hungary,HUN,EU,2000,4.35,6.56,5.82,12.85,5.81,,,65,71353,143,6.46,10.21,114,14.91,16.84,-0.26,101.97,96.21,37.82,27.01
Hungary,HUN,EU,2001,4.39,5.67,4.91,11.03,7.54,,,71,73476,138,6.19,10.19,114,15.03,16.52,-0.23,101.18,98.43,42.35,27.11
Hungary,HUN,EU,2002,4.41,5.61,5.1,11.74,5.39,,,43,71855,140,6.12,10.16,113,15.14,16.24,-0.28,101.26,99.83,47.36,26.8
Hungary,HUN,EU,2003,4.43,5.79,5.4,13.16,4.88,,,165,74627,135,5.38,10.13,113,15.26,16.02,-0.29,101.33,101.85,54.63,26.42
Hungary,HUN,EU,2004,4.44,5.83,5.86,14.6,4.36,,,730.23,73506,136,5.26,10.11,113,15.38,15.79,-0.22,100.86,95.94,61.51,26.88
Hungary,HUN,EU,2005,4.46,7.19,7.42,19.66,24.31,,,1668.25,72819,155,4.87,10.09,113,15.53,15.56,-0.2,100.98,97.37,64.98,27.21
Hungary,HUN,EU,2006,4.47,7.49,7.9,19.38,16.16,3.56,4.42,1307.11,72091,163,4.76,10.07,112,15.69,15.34,-0.16,101.5,97.76,66.4,27.22
Hungary,HUN,EU,2007,4.46,7.41,7.72,18.16,50.41,3.5,4.44,1673.29,69922,161,4.59,10.06,112,15.87,15.14,-0.15,101.52,97.86,66.27,26.71
Hungary,HUN,EU,2008,4.45,7.82,8,19.62,47.24,3.52,4.66,2143.33,68556,159,4.31,10.04,112,16.08,14.98,-0.18,101.75,98.38,63.97,25.77
Hungary,HUN,EU,2009,4.4,10.03,9.75,26.4,-2.28,3.76,4.8,2666.87,62718,158,4.61,10.02,111,16.3,14.85,-0.15,100.92,99.74,61.98,25.14
Hungary,HUN,EU,2010,4.44,11.17,10.68,26.39,-15.89,4.05,4.71,2832.02,62678,149,4.54,10,110,16.5,14.7,-0.23,100.47,102,60.75,25.23
Hungary,HUN,EU,2011,4.45,11.03,10.98,25.96,7.45,4.03,4.74,2486.16,61921,142,4.89,9.97,110,16.7,14.57,-0.28,100.1,103.08,60,25.14
Hungary,HUN,EU,2012,4.49,11,10.62,28.18,8.31,4,4.19,2432.84,58043,132,5.06,9.92,110,16.99,14.48,-0.52,101.07,101.23,60.68,25.05
Hungary,HUN,EU,2013,4.52,10.18,10.14,26.55,-2.75,4.01,3.94,2574.26,55683,130,4.78,9.87,109,17.32,14.44,-0.28,100.71,107.07,57.21,25.06
Hungary,HUN,EU,2014,4.63,7.72,7.91,20.38,9.13,4.25,4.11,2850.02,55974,145,4.68,9.83,108,17.69,14.46,-0.27,101.31,105.84,52.82,25.69
Hungary,HUN,EU,2015,4.71,6.81,7.03,17.27,-4.37,4.22,4.23,2995.03,58910,,4.9,9.8,108,18.06,14.49,-0.24,100.83,104.55,50.07,26.39
Hungary,HUN,EU,2016,4.78,5.11,5.11,12.92,53.85,4.1,4.3,2999.01,59655,,5.04,9.76,108,18.44,14.51,-0.3,99.03,104.05,49.48,25.45
Hungary,HUN,EU,2017,4.81,4.16,4.56,10.7,-8.63,4.1,4.1,3260,64674,,5.04,9.73,107,18.78,14.54,-0.27,98.43,104.29,49.91,25.16
Hungary,HUN,EU,2018,4.84,3.71,3.98,10.15,-40.11,3.9,4.1,3544,64260,,4.85,9.71,107,19.13,14.55,-0.13,96.75,103.75,50.9,24.97
Hungary,HUN,EU,2019,4.85,3.42,3.49,11.4,59.58,4,4.6,4471,62094,,4.72,9.69,107,19.6,14.55,-0.05,96.62,102.56,52.36,24.63
Hungary,HUN,EU,2020,4.83,4.25,4.47,12.76,105.64,,,5285,59597,,4.76,9.67,107,20.09,14.56,-0.22,97.17,101.99,54.6,24.36
Hungary,HUN,EU,2021,4.87,4.05,4.24,13.46,18.29,,,6703,,,4.39,9.63,106,20.41,14.57,-0.41,101.46,99.7,56.53,23.9
Hungary,HUN,EU,2022,4.92,3.61,3.48,10.56,-1.08,,,,,,4.36,9.61,,20.61,14.55,-0.69,103.48,102.91,58.07,24.29
Hungary,HUN,EU,2023,4.97,4.11,4.15,12.8,-33.1,,,,,,4.43,9.59,,20.82,14.49,-0.55,,,,25.53
Hungary,HUN,EU,2024,4.95,4.43,4.52,14.07,-14.71,,,,,,,9.56,,20.99,14.4,,,,,23.88
Ireland,IRL,EU,2000,1.92,4.32,4.27,6.25,25.73,,,339,71316,170,7.95,3.81,55,11.19,21.78,1.33,102.28,105.12,49.45,31.5
Ireland,IRL,EU,2001,1.96,3.68,3.55,5.86,8.83,,,431,73550,182,7.1,3.87,56,11.14,21.42,1.59,102.02,105.22,50.67,34.08
Ireland,IRL,EU,2002,2,4.22,3.75,7.35,22.8,,,470,72148,179,7.03,3.93,57,11.1,21.13,1.69,102.82,106.36,53.53,35.11
Ireland,IRL,EU,2003,2.03,4.48,4.01,7.7,13.83,,,540,73061,176,6.5,4,58,11.08,20.96,1.63,102.72,107.85,55.85,32.26
Ireland,IRL,EU,2004,2.08,4.49,3.83,7.87,-5.46,,,764,72285,182,6.37,4.07,59,11.08,20.81,1.83,102.96,109.41,58.92,30.77
Ireland,IRL,EU,2005,2.17,4.24,3.8,7.82,22.18,,,1242.34,73546,192,5.91,4.16,60,11.01,20.61,2.18,103.08,109.78,58.87,30.03
Ireland,IRL,EU,2006,2.25,4.36,4.1,7.91,9.51,3.71,5.34,1750.56,74133,202,5.71,4.27,62,10.87,20.39,2.7,103,109.6,58.44,30.08
Ireland,IRL,EU,2007,2.34,4.98,4.93,9.16,22.19,3.58,5.28,2136.37,72643,194,5.44,4.4,64,10.78,20.3,2.89,103.31,111.23,58.3,28.53
Ireland,IRL,EU,2008,2.35,6.77,5.7,13.47,8.45,3.46,5.31,2627.61,71564,192,5.29,4.49,65,10.85,20.45,2.04,102.48,111.29,54.02,25.93
Ireland,IRL,EU,2009,2.3,12.61,9.51,24.51,22.83,3.94,5.2,3215.86,66194,163,5.59,4.54,66,11.07,20.75,1.02,102.8,114.39,56.5,25.61
Ireland,IRL,EU,2010,2.25,14.53,11.41,28.16,17,4.32,5.19,3129.65,64973,164,5.75,4.56,66,11.38,21.09,0.54,103.24,118.1,63.13,23.33
Ireland,IRL,EU,2011,2.23,15.35,12.5,29.58,9.82,4.81,5.55,4717.59,61002,144,5.72,4.58,66,11.72,21.36,0.44,103.38,115.83,67.8,24.27
Ireland,IRL,EU,2012,2.22,15.45,12.75,30.79,25.56,5.38,5.74,4454.05,62445,136,5.79,4.6,67,12.08,21.49,0.42,102.12,117.75,68.2,24.03
Ireland,IRL,EU,2013,2.25,13.73,12.42,26.73,29.81,5.29,5.55,5028.32,61589,139,5.78,4.62,67,12.45,21.5,0.53,101.96,,71.7,23.8
Ireland,IRL,EU,2014,2.26,11.86,10.88,23.42,39.32,5.27,5.58,5683.83,61933,139,5.44,4.66,68,12.8,21.44,0.73,101.54,116.74,73.81,24.4
Ireland,IRL,EU,2015,2.29,9.91,8.91,20.24,74.75,5.27,5.76,7055.85,63762,,5.32,4.7,68,13.11,21.32,0.94,101.18,116.99,77.23,38.4
Ireland,IRL,EU,2016,2.33,8.37,7.6,16.8,26.1,5,5.6,6833.34,66671,,5.28,4.76,69,13.39,21.15,1.13,101.34,117.03,77.56,36.48
Ireland,IRL,EU,2017,2.36,6.71,6.29,14.4,20.41,4.6,5.4,8191.13,65834,,5.05,4.83,70,13.67,20.94,1.09,100.85,125.31,77.78,36.24
Ireland,IRL,EU,2018,2.41,5.74,5.69,13.76,20.38,4.5,5.4,9510.75,63536,,4.76,4.9,71,13.95,20.7,1.24,101.03,154.91,77.28,36.88
Ireland,IRL,EU,2019,2.47,4.95,4.68,12.46,7.68,4.4,5.5,10914.68,61602,,4.43,4.98,72,14.24,20.41,1.37,100.98,138.09,75.18,35.92
Ireland,IRL,EU,2020,2.46,5.62,5.65,15.26,8.08,,,12535.21,59498,,4.48,5.04,72,14.56,20.1,1.03,101.37,135.22,74.68,37.37
Ireland,IRL,EU,2021,2.61,6.36,6.38,15.59,14.63,,,10864.74,,,4.49,5.11,73,14.85,19.81,0.95,99.98,135.25,78.78,38.18
Ireland,IRL,EU,2022,2.71,4.5,4.67,9.31,-6.49,,,,,,3.99,5.21,,15.16,19.46,1.85,99.62,133.15,76.6,40.68
Ireland,IRL,EU,2023,2.8,4.29,4.21,10.56,-25.39,,,,,,4.03,5.31,,15.54,19.02,2.6,,,,33.19
Ireland,IRL,EU,2024,2.86,4.37,4.24,11.1,,,,,,,,5.38,,15.89,18.56,,,,,30.84
Italy,ITA,EU,2000,23.34,10.83,14.85,31.46,1.15,,,6680.64,517178,1854,5.23,56.94,193,18.22,14.27,0.05,102.29,94.8,50.27,24.1
Italy,ITA,EU,2001,23.4,9.6,13.04,27.81,1.27,,,7537.65,515805,1835,5.21,56.98,193,18.51,14.24,0.06,102,97.28,53.45,23.84
Italy,ITA,EU,2002,23.62,9.21,12.61,27.17,1.34,,,8797.01,525102,1870,4.93,57.09,193,18.8,14.24,0.15,102.74,98.81,56.32,23.71
Italy,ITA,EU,2003,23.94,8.87,11.95,26.98,1.24,,,10196.77,543888,1860,4.72,57.4,194,19.05,14.22,0.44,103.36,99.53,60.01,23.14
Italy,ITA,EU,2004,24.57,7.87,10.23,24.42,1.11,,,11530.16,555581,1829,4.14,57.83,195,19.33,14.15,0.65,103.98,99.08,63.33,23.06
Italy,ITA,EU,2005,24.44,7.73,10.05,24.11,1.97,,,12369.95,556898,1781,4.2,58.17,196,19.64,14.12,0.49,103.98,99.21,65.33,22.89
Italy,ITA,EU,2006,24.53,6.78,8.78,21.79,2.91,4.17,4.45,13639.18,544960,1777,4.27,58.4,197,19.94,14.08,0.3,103.78,99.53,67.28,23
Italy,ITA,EU,2007,24.53,6.08,7.84,20.38,2.97,4,4.44,14900.79,538073,1729,3.97,58.76,198,20.12,14.04,0.5,103.75,99.84,68.87,23.41
Italy,ITA,EU,2008,24.9,6.72,8.5,21.22,-0.39,3.89,4.3,16537.94,523073,1667,3.7,59.21,199,20.2,14.03,0.66,102.94,100.29,67.58,23.21
Italy,ITA,EU,2009,24.72,7.75,9.23,25.35,0.75,4.03,4.1,20114.04,474076,1544,3.69,59.56,200,20.31,14.04,0.46,101.48,100.18,66.95,21.38
Italy,ITA,EU,2010,24.68,8.36,9.6,27.91,0.46,4.22,4.27,25854.71,482672,1544,3.77,59.82,200,20.46,14.04,0.31,100.8,101.4,65.38,21.37
Italy,ITA,EU,2011,24.72,8.36,9.55,29.15,1.49,4.2,4.6,37142.87,472080,1494,3.68,60.03,201,20.69,14.01,0.17,100.3,101.6,64.25,21.24
Italy,ITA,EU,2012,25.27,10.65,11.83,35.29,0,4.34,4.73,50357.03,453885,1370,3.69,60.19,201,21,13.97,0.27,100.03,100.45,62.34,20.79
Italy,ITA,EU,2013,25.18,12.15,13.07,40.02,0.91,4.37,4.35,59248.04,421945,1260,3.6,60.31,204,21.33,13.92,1.16,101.11,100.97,60.89,20.6
Italy,ITA,EU,2014,25.33,12.68,13.8,42.67,0.78,4.26,4.29,62147.98,402289,1266,3.64,60.32,206,21.7,13.83,0.92,100.75,101.12,60.88,20.19
Italy,ITA,EU,2015,25.27,11.9,12.69,40.32,0.72,4.42,4.52,63381.18,413893,,3.75,60.23,205,22.03,13.71,-0.1,100.37,101.23,60.94,20.29
Italy,ITA,EU,2016,25.55,11.69,12.78,37.76,1.36,4.6,4.6,65604.14,409371,,3.88,60.12,205,22.31,13.55,-0.17,99.81,100.74,61.36,20.66
Italy,ITA,EU,2017,25.72,11.21,12.39,34.73,0.44,4.5,4.6,67712.3,404051,,3.78,60,205,22.56,13.39,-0.15,102.8,101.01,62.7,20.79
Italy,ITA,EU,2018,25.89,10.61,11.78,32.17,2.11,4.4,4.8,65641.68,399052,,3.76,60.15,204,22.81,13.22,-0.19,102.89,101.53,64.48,20.99
Italy,ITA,EU,2019,25.76,9.95,11.1,29.15,1.77,4.4,4.9,69541.57,390001,,3.89,59.73,202,23.1,13.02,-1.15,102.96,101.74,65.69,21.01
Italy,ITA,EU,2020,25,9.16,10.2,29.39,-0.89,,,69375.88,352129,,3.98,59.44,201,23.38,12.83,-0.49,102.64,101.84,68.72,20.96
Italy,ITA,EU,2021,25.03,9.5,10.63,29.67,1.2,,,70963.89,,,4.05,59.13,200,23.66,12.61,-0.52,101.09,101.83,71.27,22.56
Italy,ITA,EU,2022,25.35,8.07,9.35,23.7,2.94,,,,,,3.79,59.01,,23.93,12.39,-0.33,101.56,101.35,73.9,23.28
Italy,ITA,EU,2023,25.81,7.63,8.76,22.73,1.82,,,,,,3.59,58.99,,24.22,12.14,-0.3,,,,23.07
Italy,ITA,EU,2024,25.83,6.78,7.84,21.8,0.92,,,,,,,58.99,,24.62,11.89,,,,,21.71
Latvia,LVA,EU,2000,1.09,14.21,13.37,21.27,4.18,,,4.58,10909,29,14.93,2.37,38,14.99,17.67,-0.96,101.7,90.07,56.24,24.22
Latvia,LVA,EU,2001,1.1,13.82,12.46,24.17,2.12,,,6.54,11402,30,15.47,2.34,38,15.3,17.03,-1.29,103.41,92.86,63.49,23.25
Latvia,LVA,EU,2002,1.12,13.83,12.76,25.25,1.73,,,20.84,11441,28,16.23,2.31,37,15.67,16.38,-1.16,104.02,95.29,67.81,23.36
Latvia,LVA,EU,2003,1.1,12.06,12.02,20.42,2.82,,,72.64,11701,30,14.24,2.29,37,16.08,15.77,-0.97,105.02,96.54,71.03,22.28
Latvia,LVA,EU,2004,1.1,11.71,12.27,21.8,4.28,,,87.53,11683,33,13.3,2.26,36,16.48,15.22,-1.09,105.49,99.3,74.61,22.34
Latvia,LVA,EU,2005,1.09,10.03,9.97,15.14,4.97,,,87.14,11874,35,12.05,2.24,36,16.86,14.74,-1.08,104.84,102.69,75.42,21.04
Latvia,LVA,EU,2006,1.12,7.03,6.74,13.61,8.35,3.44,5.04,88.53,12408,38,11.46,2.22,36,17.22,14.36,-0.92,104.26,103.97,74.6,21.87
Latvia,LVA,EU,2007,1.14,6.05,5.57,10.56,9.22,3.11,5.39,95.33,12832,35,10.18,2.2,35,17.51,14.11,-0.82,104.21,103.92,73.04,22.75
Latvia,LVA,EU,2008,1.15,7.74,7.07,13.65,4.2,2.85,5.59,103.14,12494,36,7.96,2.18,35,17.72,14.04,-1.05,103.55,104.9,72.36,22.84
Latvia,LVA,EU,2009,1.1,17.51,14.13,33.43,-0.58,3.19,5.48,99.19,11714,32,8.75,2.14,34,17.98,14.12,-1.65,102.92,99.42,73.05,21.52
Latvia,LVA,EU,2010,1.06,19.48,16.29,36.24,2.02,3.11,5.44,115.57,12854,36,8.61,2.1,34,18.25,14.18,-2.08,102.96,102.82,69.05,20.86
Latvia,LVA,EU,2011,1.03,16.21,13.79,31.07,5.72,3.1,5.17,190.86,12213,34,8.9,2.06,33,18.48,14.24,-1.82,102.29,105.57,67.95,21.42
Latvia,LVA,EU,2012,1.04,15.05,13.94,28.56,3.99,3.16,5.27,403.24,12012,33,8.37,2.03,33,18.68,14.36,-1.24,101.05,106.34,66.64,21.42
Latvia,LVA,EU,2013,1.02,11.87,11.14,23.24,3.39,3,5.39,622.14,11940,34,8.06,2.01,32,18.93,14.57,-1.07,100.39,114.78,69.08,20.82
Latvia,LVA,EU,2014,1.01,10.85,9.83,19.59,3.45,3.09,5.35,809.45,11885,35,7.5,1.99,32,19.24,14.85,-0.94,99.85,113.71,70.9,19.62
Latvia,LVA,EU,2015,1.01,9.87,8.64,16.32,3.09,3.31,5.37,916.74,11929,,7.94,1.98,32,19.52,15.12,-0.82,99.39,112.36,74.3,19.78
Latvia,LVA,EU,2016,1,9.64,8.4,17.27,1.24,3.2,5.1,951.79,11764,,7.69,1.96,31,19.78,15.41,-0.91,99.2,111.3,80.6,19.17
Latvia,LVA,EU,2017,1,8.72,7.67,16.97,4.05,3,5.2,1081.7,11702,,6.87,1.94,31,20.01,15.67,-0.89,99.37,110.72,88.06,19.78
Latvia,LVA,EU,2018,0.99,7.41,6.42,12.19,1.32,3.5,5.5,1067.6,12238,,6.97,1.93,31,20.2,15.83,-0.78,99.61,109.16,93.02,19.35
Latvia,LVA,EU,2019,0.98,6.31,5.42,12.41,3.37,3.6,5.7,1085.11,12086,,7.29,1.91,31,20.41,15.94,-0.7,99.98,107.6,94.86,19.6
Latvia,LVA,EU,2020,0.98,8.1,7.07,14.87,2.81,,,1046.53,11437,,7.22,1.9,31,20.67,16,-0.7,99.83,105.96,94.51,20.33
Latvia,LVA,EU,2021,0.95,7.51,6.54,14.78,9.78,,,1010.83,,,6.79,1.88,30,20.85,16,-0.84,99.74,105.81,93.48,21.09
Latvia,LVA,EU,2022,0.96,6.82,5.51,15.27,3.2,,,,,,6.78,1.88,,21.01,15.93,-0.27,99.42,104.76,91.33,20.72
Latvia,LVA,EU,2023,0.97,6.47,5.34,12.32,3.97,,,,,,6.75,1.88,,21.33,15.69,0.13,,,,21.69
Latvia,LVA,EU,2024,0.95,6.72,5.68,12.52,2.96,,,,,,,1.86,,21.74,15.41,,,,,19.87
Lithuania,LTU,EU,2000,1.69,15.93,13.61,28.53,3.29,,,0,20401,57,19.24,3.5,56,13.84,19.95,-0.7,103.14,96.92,50.9,26.5
Lithuania,LTU,EU,2001,1.65,16.84,14.1,31.53,3.61,,,2,20851,55,17.57,3.47,55,14.24,19.33,-0.82,103.15,99.62,57.35,27.21
Lithuania,LTU,EU,2002,1.63,13.01,12.78,20.42,4.63,,,4,21212,53,18.64,3.44,55,14.73,18.6,-0.8,103.1,102.29,63.07,26.4
Lithuania,LTU,EU,2003,1.68,12.87,13.2,26.93,1.16,,,7,21387,52,18.71,3.42,54,15.17,17.92,-0.81,102.96,105.02,69.63,27.96
Lithuania,LTU,EU,2004,1.59,10.68,11.07,20.25,3.87,,,7,22363,55,16.28,3.38,54,15.61,17.36,-1.12,103.97,103.01,74.9,29.53
Lithuania,LTU,EU,2005,1.55,8.32,8.53,15.77,4.95,,,9,23504,68,14.27,3.32,53,16.05,16.83,-1.63,102.84,104.5,79.73,29.72
Lithuania,LTU,EU,2006,1.51,5.78,5.61,9.98,7.5,4.92,4.47,38,23637,73,13.83,3.27,52,16.47,16.3,-1.6,102.03,107,82.45,30.17
Lithuania,LTU,EU,2007,1.51,4.25,4.33,8.39,6.55,4.97,4.4,160,24650,74,11.33,3.23,52,16.82,15.76,-1.19,101.1,106.93,82.52,29.65
Lithuania,LTU,EU,2008,1.51,5.83,5.63,13.35,3.61,5.21,4.61,200.09,24087,68,8.06,3.2,51,17.1,15.31,-1.03,99.5,106.11,85.75,29.2
Lithuania,LTU,EU,2009,1.52,13.78,10.52,29.58,-0.96,5.28,4.22,260.09,20511,57,8.98,3.16,50,17.28,15.04,-1.11,99.95,104.76,89.25,25.02
Lithuania,LTU,EU,2010,1.49,17.81,14.52,35.74,3.01,5.27,3.57,371.09,21317,55,8.83,3.1,49,17.61,14.92,-2.1,100.42,105.07,86.57,26.21
Lithuania,LTU,EU,2011,1.48,15.39,12.91,32.59,4.36,5.23,3.73,632.27,20785,55,8.49,3.03,48,17.99,14.83,-2.26,101.25,106.01,84.06,28.35
Lithuania,LTU,EU,2012,1.47,13.36,11.57,26.68,1.59,5.17,4.23,760,20704,56,8.8,2.99,48,18.18,14.74,-1.34,101.85,106.17,79.75,28.2
Lithuania,LTU,EU,2013,1.47,11.77,10.48,21.9,1.66,5.02,4.32,1005,19812,53,8.42,2.96,47,18.36,14.65,-1.01,101.75,108.99,73.53,27.62
Lithuania,LTU,EU,2014,1.48,10.7,9.22,19.26,0.74,4.94,4.19,1112,19360,54,9.17,2.94,47,18.6,14.58,-0.86,100.98,102.45,68.9,27.73
Lithuania,LTU,EU,2015,1.47,9.12,8.16,16.3,2.5,4.96,4.12,1329,19620,,9.07,2.91,46,18.88,14.61,-0.94,101.54,102.15,67.74,26.96
Lithuania,LTU,EU,2016,1.48,7.86,6.65,14.45,2.74,4.9,4.4,1641,19645,,7.98,2.88,46,19.18,14.74,-1.27,104.22,101.82,67.74,26
Lithuania,LTU,EU,2017,1.47,7.07,5.67,13.27,2.9,4.7,4.4,1935.85,19566,,7.78,2.84,45,19.5,14.91,-1.4,106.41,102.79,68.39,25.72
Lithuania,LTU,EU,2018,1.47,6.15,5.41,11.12,2.4,4.7,4.6,1774.2,19652,,7.18,2.82,45,19.73,15.05,-0.95,106.06,103.01,69.72,25.58
Lithuania,LTU,EU,2019,1.48,6.26,5.49,11.85,6.23,4.8,4.9,2124.4,19780,,6.44,2.81,45,19.86,15.11,-0.26,104.71,103.88,70.18,25.26
Lithuania,LTU,EU,2020,1.49,8.49,7.69,19.56,7.94,,,2274.7,19785,,5.69,2.81,45,19.93,15.12,0.03,103.47,105.99,69.15,24.79
Lithuania,LTU,EU,2021,1.49,7.11,6.61,14.3,3.74,,,2238.9,,,5.31,2.81,45,19.95,15.11,0.21,101.15,108.51,70.66,24.86
Lithuania,LTU,EU,2022,1.51,5.95,5.48,11.87,3.41,,,,,,5.46,2.83,,19.86,15.05,1.09,101.91,106.92,76.92,25.64
Lithuania,LTU,EU,2023,1.54,6.84,6.37,13.71,4.8,,,,,,5.06,2.87,,19.86,14.89,1.41,,,,24.24
Lithuania,LTU,EU,2024,1.55,7.5,6.88,14.07,4.24,,,,,,,2.89,,20.17,14.71,,,,,23.39
Luxembourg,LUX,EU,2000,0.19,2.35,3.14,6.38,,,,47.72,9437,48,2.44,0.44,169,14.03,18.94,1.34,98.24,98.03,9.96,16.65
Luxembourg,LUX,EU,2001,0.19,1.8,2.17,6.34,,,,49.74,10008,51,1.53,0.44,172,13.95,18.91,1.19,99.38,95.66,9.92,16.31
Luxembourg,LUX,EU,2002,0.2,2.62,3.63,6.95,17.94,,,52.47,10793,52,1.97,0.45,173,14.02,18.87,1.05,99.79,95.44,11.63,16.11
Luxembourg,LUX,EU,2003,0.2,3.67,4.71,10.89,14.46,,,62.68,11211,56,2.72,0.45,175,14.04,18.77,1.22,99.11,94.9,12.06,16.23
Luxembourg,LUX,EU,2004,0.2,5.11,7.1,16.82,14.77,,,91.44,12664,63,1.96,0.46,178,14.07,18.66,1.42,99.1,94.19,,15.44
Luxembourg,LUX,EU,2005,0.21,4.49,5.83,13.64,12.33,,,116.54,12901,65,1.74,0.47,181,14.11,18.52,1.53,99.87,93.79,,14.47
Luxembourg,LUX,EU,2006,0.21,4.73,6.29,15.99,75.09,5.69,5.22,134.55,12697,61,1.83,0.47,184,14.08,18.38,1.6,99.64,94.22,9.85,13.52
Luxembourg,LUX,EU,2007,0.22,4.07,4.73,14.84,-57.53,5.81,5.16,148.18,12110,61,1.84,0.48,186,14.05,18.23,1.54,99.52,94.91,,14.48
Luxembourg,LUX,EU,2008,0.22,5.06,6.03,17.78,12.09,5.74,5.04,150.31,12033,61,1.67,0.49,190,14.03,18.04,1.79,99.18,95.76,10.67,12.81
Luxembourg,LUX,EU,2009,0.23,5.19,6.27,16.78,50.04,5.78,5.43,162.69,11443,57,1.36,0.5,193,14.02,17.84,1.85,,,,11.01
Luxembourg,LUX,EU,2010,0.24,4.42,5.19,13.92,69.61,5.9,5.87,161.36,12035,60,1.1,0.51,197,13.99,17.66,1.83,98,100.08,18.2,11
Luxembourg,LUX,EU,2011,0.24,5.12,6.54,18.05,14.33,5.89,5.8,183.28,11902,61,1.23,0.52,201,13.96,17.36,2.22,96.3,100.42,,10.71
Luxembourg,LUX,EU,2012,0.26,5.03,5.74,16.58,4.72,5.89,5.84,210.18,11673,59,1.33,0.53,206,13.97,17.07,2.4,98.74,100.61,19.12,10.43
Luxembourg,LUX,EU,2013,0.26,6.05,6.55,16.29,35.73,5.79,5.59,251.13,11157,58,1.59,0.54,211,14.03,16.91,2.31,97.73,103.47,,10.44
Luxembourg,LUX,EU,2014,0.27,6.04,6.26,24.28,29.16,5.71,5.42,290.22,10635,57,1.43,0.56,216,14.13,16.75,2.36,97.31,104.6,,10.81
Luxembourg,LUX,EU,2015,0.28,6.8,7.2,17.5,75.63,5.57,5.38,332.16,10125,,1.04,0.57,221,14.2,16.56,2.36,97.4,104.38,20.29,11.54
Luxembourg,LUX,EU,2016,0.29,6.67,6.95,21.99,28.26,5.6,5.5,341.95,9839,,1.03,0.58,226,14.24,16.35,2.16,97.41,106.09,19.92,12.1
Luxembourg,LUX,EU,2017,0.29,5.52,5.5,15.48,-41.65,5.5,5.6,515.7,10012,,1.39,0.6,232,14.31,16.18,2.43,96.74,106.78,19.6,10.82
Luxembourg,LUX,EU,2018,0.3,5.59,5.88,14.18,-117.23,5.3,5.5,591.24,10312,,1.05,0.61,236,14.38,16.09,1.93,97.34,106.98,19.39,10.97
Luxembourg,LUX,EU,2019,0.31,5.59,5.53,16.98,234.31,5.5,5.6,690.1,10495,,0.68,0.62,241,14.47,16.02,1.96,98.33,106.95,19.4,11.6
Luxembourg,LUX,EU,2020,0.32,6.77,6.95,23.18,13.36,,,884.76,8814,,0.78,0.63,245,14.59,15.97,1.67,98.64,107.08,19.96,11.34
Luxembourg,LUX,EU,2021,0.33,5.57,6.01,18.67,29.08,,,883.89,,,1.14,0.64,249,14.72,15.94,1.52,98.48,106.48,20.73,10.59
Luxembourg,LUX,EU,2022,0.33,4.59,4.74,17.6,-444.71,,,,,,1.08,0.65,,14.84,15.88,2.02,99.48,107.84,21.03,9.11
Luxembourg,LUX,EU,2023,0.35,5.18,5.44,18.85,-71.72,,,,,,0.87,0.67,,15.11,15.82,2.35,,,,10.17
Luxembourg,LUX,EU,2024,0.35,5.93,5.98,20.17,,,,,,,,0.68,,15.48,15.78,,,,,9.01
Malta,MLT,EU,2000,0.16,6.32,6.53,11.84,18.41,,,0,2413,18,2.04,0.39,1219,12.16,19.8,0.65,106.37,91.5,21.91,27
Malta,MLT,EU,2001,0.16,7.11,8.06,17.74,10.24,,,0,2787,15,2.34,0.39,1228,12.4,19.37,0.75,105.5,90.72,24.99,23.85
Malta,MLT,EU,2002,0.16,6.9,8.31,15.43,-11.17,,,0,2620,18,2.34,0.4,1237,12.69,18.93,0.75,105.04,91.16,24.26,24.77
Malta,MLT,EU,2003,0.16,7.49,9.9,17.57,16.82,,,0,2922,18,2.46,0.4,1246,12.97,18.45,0.66,104.11,93.11,30.09,24.54
Malta,MLT,EU,2004,0.16,7.32,8.26,18.58,122.36,,,0,2928,18,2.26,0.4,1254,13.24,17.91,0.67,105.06,104.42,26.62,22.23
Malta,MLT,EU,2005,0.16,6.92,8.37,16.12,341.01,,,0.08,2985,19,2.1,0.4,1262,13.48,17.37,0.64,102.9,101.81,32.21,20.74
Malta,MLT,EU,2006,0.16,6.8,8.32,15.46,370.9,2.95,5.23,0.08,3058,18,2.03,0.41,1267,13.63,16.85,0.36,102.83,97.53,31.23,19.8
Malta,MLT,EU,2007,0.17,6.47,7.9,13.49,450.05,3.17,5.41,0.08,3147,19,1.82,0.41,1271,13.71,16.36,0.35,103,100.52,34.67,18.51
Malta,MLT,EU,2008,0.17,5.98,6.78,11.62,162.42,3.28,5.61,0.15,3094,37,1.79,0.41,1279,13.88,15.92,0.65,103.14,101.42,33.32,19.3
Malta,MLT,EU,2009,0.17,6.89,7.63,14.49,16.54,2.9,5.75,0.68,2899,40,1.46,0.41,1289,14.39,15.54,0.75,98.13,,35.79,17.66
Malta,MLT,EU,2010,0.18,6.85,7.13,13.23,101.63,2.83,5.98,0.68,3006,47,1.34,0.41,1295,15.1,15.2,0.49,102.58,105.11,36.83,17.44
Malta,MLT,EU,2011,0.18,6.38,7.13,13.32,79.75,2.99,6.05,9.99,2992,42,1.17,0.42,1301,15.81,14.9,0.42,100.98,94.11,39.45,16.45
Malta,MLT,EU,2012,0.19,6.2,7.21,13.82,34.59,3.06,5.91,25.77,3164,42,1.04,0.42,1313,16.58,14.67,0.9,100.94,95.52,42.55,15.07
Malta,MLT,EU,2013,0.2,6.11,6.14,12.71,4.72,3.43,5.75,35.56,2826,40,1.26,0.42,1331,17.35,14.48,1.4,101.23,96.26,44.04,14.56
Malta,MLT,EU,2014,0.2,5.72,5.1,11.68,1.31,3.65,5.48,75.44,2837,41,1.28,0.43,1358,17.94,14.34,2,100.67,96.23,44.49,13.08
Malta,MLT,EU,2015,0.21,5.39,5.39,11.65,32.1,3.37,5.2,102.05,2159,,1.47,0.44,1391,18.33,14.23,2.39,100.31,95.16,46.95,12.09
Malta,MLT,EU,2016,0.22,4.69,5.16,10.7,23.08,3.2,5.6,136.26,1875,,1.17,0.45,1423,18.66,14.16,2.29,99.94,94.98,48.13,12.28
Malta,MLT,EU,2017,0.23,4,4.25,10.57,299.82,3.2,5.7,172.06,2027,,1,0.47,1462,18.81,14.03,2.74,99.61,103.14,52.84,11.46
Malta,MLT,EU,2018,0.25,3.66,3.5,9.05,452.22,3.2,5.4,199,2047,,1,0.48,1514,18.75,13.8,3.49,99.6,104.64,56.81,11.52
Malta,MLT,EU,2019,0.27,3.62,4.02,9.3,198.2,3.3,5.5,201.85,2141,,1.01,0.5,1575,18.58,13.55,3.93,98.17,104.51,58.54,12.07
Malta,MLT,EU,2020,0.28,4.35,4.5,10.87,191.86,,,242.82,2082,,1.09,0.52,1610,18.5,13.33,2.21,96.8,102.92,62.88,12.27
Malta,MLT,EU,2021,0.28,3.39,3.11,9.41,433.75,,,263.24,,,0.87,0.52,1620,18.77,13.23,0.62,95.41,103.09,73.02,12.02
Malta,MLT,EU,2022,0.29,2.92,2.63,8.24,126.08,,,,,,0.8,0.53,,19.28,13.21,2.4,93.53,102.7,78.62,11.9
Malta,MLT,EU,2023,0.31,3.11,2.94,9.17,113.22,,,,,,1.11,0.55,,19.8,13.15,4.08,,,,11.81
Malta,MLT,EU,2024,0.32,2.7,2.77,7.83,174.83,,,,,,,0.57,,20.21,13.03,,,,,11.43
Netherlands,NLD,EU,2000,8.79,2.72,3.44,5.19,15.11,,,2829.01,206298,855,3.28,15.93,472,13.48,18.77,0.71,107.38,123.3,51.45,21.1
Netherlands,NLD,EU,2001,8.87,2.12,2.5,4.33,12.02,,,3185.2,207332,894,3.12,16.05,475,13.52,18.79,0.75,106.74,123.44,52.98,21.29
Netherlands,NLD,EU,2002,8.93,2.55,2.88,4.54,5.36,,,3865.39,207150,898,2.94,16.15,478,13.57,18.76,0.64,106.96,120.75,54.25,20.51
Netherlands,NLD,EU,2003,8.95,3.59,3.79,6.53,3.51,,,3889.86,207092,919,3.04,16.23,481,13.66,18.72,0.47,108.03,119.91,55,20.03
Netherlands,NLD,EU,2004,8.96,4.65,5.03,7.91,21.16,,,5211.74,208834,948,3.31,16.28,482,13.81,18.64,0.35,108.2,116.91,56.77,19.96
Netherlands,NLD,EU,2005,8.96,5.87,6.9,11.54,30.5,,,7358.95,203064,1009,3.7,16.32,483,14.02,18.49,0.23,107.94,117.55,58.79,20.28
Netherlands,NLD,EU,2006,8.99,5.01,6.14,9.76,50.91,5.92,6.43,7943.95,198421,999,3.65,16.35,484,14.23,18.3,0.16,107.84,118.43,59.83,20.47
Netherlands,NLD,EU,2007,9.03,4.15,5.19,9.1,85.98,5.68,6.37,7475.75,197907,1111,3.34,16.38,485,14.45,18.09,0.22,107.65,119.84,60.39,20.43
Netherlands,NLD,EU,2008,9.08,3.66,4.47,8.32,20.41,5.29,6.34,9428.77,195227,1069,3.17,16.45,487,14.7,17.9,0.39,107.35,121.51,61.02,20.78
Netherlands,NLD,EU,2009,9.11,4.35,4.92,9.88,23.12,5.35,6.36,10737.02,190160,1005,3.13,16.53,490,14.99,17.73,0.51,107.02,122.75,61.43,19.58
Netherlands,NLD,EU,2010,9.12,4.99,5.54,10.77,6.25,5.45,6.34,11091.68,200804,1030,3.06,16.62,493,15.28,17.58,0.51,106.75,124.57,63.7,18.95
Netherlands,NLD,EU,2011,9.16,4.98,5.41,9.78,38.81,5.65,6.5,12263.17,187638,1025,2.78,16.69,495,15.73,17.44,0.47,107.07,129.87,75.52,19.32
Netherlands,NLD,EU,2012,9.26,5.82,6.23,11.46,30.7,6.01,6.59,12376.85,186022,998,2.73,16.75,497,16.34,17.28,0.37,107.05,111.45,75.81,19.32
Netherlands,NLD,EU,2013,9.3,7.24,7.3,12.94,35.13,6.05,6.46,11991.84,185684,991,2.1,16.8,499,16.88,17.08,0.29,,,,18.69
Netherlands,NLD,EU,2014,9.28,7.42,7.74,12.53,15.87,6.14,6.45,11535.71,178496,991,2.29,16.87,501,17.35,16.86,0.36,,,,17.68
Netherlands,NLD,EU,2015,9.38,6.87,7.27,11.1,48.5,6.22,6.41,13598.84,186745,,2.32,16.94,503,17.76,16.64,0.44,106.06,114.14,80.16,17.41
Netherlands,NLD,EU,2016,9.43,6.01,6.5,10.64,34.57,6.1,6.5,14678.38,187631,,2.26,17.03,506,18.09,16.42,0.53,105.68,112.99,79.85,16.96
Netherlands,NLD,EU,2017,9.48,4.84,5.25,8.72,23.52,6.1,6.6,17374.9,183625,,2.27,17.13,509,18.42,16.21,0.59,105.04,115.23,83.2,17.12
Netherlands,NLD,EU,2018,9.6,3.83,3.96,7.04,-30.78,6.2,6.3,18832.64,177771,,2.1,17.23,512,18.75,16,0.58,104.56,114.5,83.65,17.32
Netherlands,NLD,EU,2019,9.73,3.38,3.36,6.6,-13.67,6.4,6.4,22721.87,172217,,2.08,17.34,515,19.06,15.79,0.66,104.58,114.8,,17.11
Netherlands,NLD,EU,2020,9.78,3.82,3.95,8.88,-23.71,,,32693.64,155912,,2.07,17.44,518,19.37,15.62,0.56,104.34,136.28,85.34,17.38
Netherlands,NLD,EU,2021,9.84,4.21,4.5,9.33,-10.95,,,40383.5,,,2.26,17.53,521,19.66,15.49,0.52,104.38,135.96,89.39,17.71
Netherlands,NLD,EU,2022,10.05,3.53,3.82,7.64,1.49,,,,,,1.91,17.7,,19.9,15.35,0.95,104.22,138.77,,18.66
Netherlands,NLD,EU,2023,10.25,3.54,3.74,8.27,-26.77,,,,,,1.91,17.88,,20.16,15.17,1,,,,18.75
Netherlands,NLD,EU,2024,10.32,3.6,3.74,8.17,-1.1,,,,,,,17.99,,20.5,15.03,,,,,17.86
Poland,POL,EU,2000,17.41,14.93,16.67,32.93,5.4,,,226,356692,411,18.67,38.26,125,12.24,19.44,-1.04,100.34,100.6,50.4,28.77
Poland,POL,EU,2001,17.58,18.43,20.09,39.98,2.96,,,458,354133,405,19.2,38.25,125,12.47,18.74,-0.03,100.53,101.69,56.35,27.35
Poland,POL,EU,2002,17.34,20.21,21.25,42.91,2.05,,,488,347723,406,19.63,38.23,125,12.68,18.11,-0.05,100.3,103.72,59.54,26.65
Poland,POL,EU,2003,17.26,19.9,20.79,42.3,2.46,,,579,359244,431,18.19,38.2,125,12.87,17.52,-0.07,100.18,106.25,60.62,27.51
Poland,POL,EU,2004,17.23,18.82,19.82,39.67,5.41,,,1125.06,363466,454,17.6,38.18,125,13.06,16.98,-0.06,100.05,98.49,61.74,29.19
Poland,POL,EU,2005,17.5,17.59,19.05,36.57,3.6,,,1646.95,364881,471,17.38,38.17,125,13.23,16.48,-0.04,99.93,101.09,63.78,29.06
Poland,POL,EU,2006,17.28,13.79,14.83,29.54,6.21,3.2,3.88,2255.65,379241,502,15.79,38.14,125,13.38,16.04,-0.06,99.64,100.6,65.09,29.2
Poland,POL,EU,2007,17.27,9.55,10.23,21.39,5.83,2.57,3.63,3123.9,379776,524,14.74,38.12,124,13.46,15.67,-0.05,99.12,100.35,66.94,29.28
Poland,POL,EU,2008,17.5,7.07,7.85,17.1,2.72,1.91,3.69,4506.74,373576,537,13.97,38.13,124,13.51,15.42,0.01,98.24,99.95,70.29,28.82
Poland,POL,EU,2009,17.81,8.13,8.55,20.47,3.18,2.06,3.74,6369.15,358808,541,13.28,38.15,125,13.55,15.15,0.07,98.04,99.65,72.68,29.96
Poland,POL,EU,2010,18.03,9.58,9.87,23.58,3.94,2.23,3.65,8184.25,377248,568,13.05,38.04,124,13.57,15.07,-0.29,98.62,100.21,76.56,29.7
Poland,POL,EU,2011,18.1,9.58,10.24,25.53,3.57,2.33,3.65,10962.55,373328,559,12.91,38.06,124,13.71,15.17,0.05,99.26,100.62,75.8,30.39
Poland,POL,EU,2012,18.23,10.03,10.77,26.31,1.53,2.62,3.81,14984.18,366348,533,12.58,38.06,124,14.02,15.14,-0,100.68,100.56,75.04,30.23
Poland,POL,EU,2013,18.27,10.29,11.01,27.16,0.26,3.05,3.91,14714.89,360557,505,12,38.04,124,14.43,15.11,-0.06,100.07,111.52,73.32,28.68
Poland,POL,EU,2014,18.39,8.97,9.52,23.73,3.85,3.55,4.02,17747.51,347385,506,11.49,38.01,124,14.88,15.09,-0.07,99.56,110.03,70.24,29.94
Poland,POL,EU,2015,18.34,7.47,7.64,20.68,3.3,3.81,4.07,20977.38,350542,,11.53,37.99,124,15.38,15.1,-0.07,,109.41,69.37,30.99
Poland,POL,EU,2016,18.39,6.14,6.18,17.59,3.82,4,4.3,20692.16,361341,,10.58,37.97,124,15.91,15.13,-0.04,,109.12,69.85,30.67
Poland,POL,EU,2017,18.46,4.87,4.86,14.76,2.38,4.1,4.5,21596.67,374716,,10.22,37.97,124,16.47,15.21,0.01,97.68,109.46,70.62,28.81
Poland,POL,EU,2018,18.43,3.84,3.82,11.68,3.35,4.1,4.8,19681.15,372926,,9.62,37.97,124,17.01,15.31,-0,94.49,110.54,71.02,28.86
Poland,POL,EU,2019,18.38,3.27,3.57,9.83,3.15,4.3,4.8,23534.91,355381,,9.15,37.97,124,17.56,15.42,-0.02,94.94,109.75,70.91,28.83
Poland,POL,EU,2020,18.13,3.15,3.28,10.83,3.31,,,26142.96,338384,,9.59,37.52,124,18.08,15.49,-0.18,82.21,112.58,70.97,28.57
Poland,POL,EU,2021,18.23,3.27,3.28,11.81,5.44,,,28263.57,,,8.4,36.98,123,18.54,15.46,-0.4,96.6,110.53,72.21,28.49
Poland,POL,EU,2022,18.26,2.81,2.85,10.55,6.01,,,,,,8.25,36.82,,19.02,15.32,-2.48,100.59,108.48,75.29,29.18
Poland,POL,EU,2023,18.34,2.74,2.79,11.15,4.22,,,,,,7.6,36.69,,19.56,15.1,-0.37,,,,29.39
Poland,POL,EU,2024,18.24,2.47,2.64,9.88,2.02,,,,,,,36.55,,20.14,14.81,,,,,26.35
Portugal,PRT,EU,2000,5.23,3.81,4.73,8.24,6.15,,,1545,78714,333,12.66,10.29,112,16.13,16.39,0.7,119.71,108.37,,24.46
Portugal,PRT,EU,2001,5.34,3.83,4.95,8.95,5.03,,,1707,78052,334,13.17,10.36,113,16.39,16.22,0.71,119.48,108.5,,24.14
Portugal,PRT,EU,2002,5.42,4.5,5.31,10.45,0.44,,,1933,82671,343,12.61,10.42,114,16.61,16.14,0.55,115.04,109.79,,23.5
Portugal,PRT,EU,2003,5.44,6.13,7.25,13.49,6.27,,,1980,78021,326,12.96,10.46,114,16.81,16.09,0.38,115.24,108.31,,22.63
Portugal,PRT,EU,2004,5.42,6.32,7.18,14.05,1.31,,,2445.56,79875,328,12.28,10.48,115,17.04,16.01,0.24,114.67,95.08,,22.24
Portugal,PRT,EU,2005,5.46,7.58,8.63,16.22,1.71,,,3529.83,82959,337,12.05,10.5,115,17.27,15.92,0.19,114.44,96.43,,21.38
Portugal,PRT,EU,2006,5.5,7.65,8.9,16.5,6.42,5.43,5.54,4720.67,77908,303,11.89,10.52,115,17.46,15.8,0.18,113.98,95.66,,21.15
Portugal,PRT,EU,2007,5.53,7.97,9.49,16.73,2.5,5.61,5.61,6126.67,76537,308,11.82,10.54,115,17.66,15.65,0.2,113.06,99.31,,21.15
Portugal,PRT,EU,2008,5.53,7.55,8.75,16.66,2.97,5.79,5.41,7842.61,74282,293,11.43,10.56,115,17.89,15.5,0.14,112.72,101.61,,20.39
Portugal,PRT,EU,2009,5.48,9.43,10.09,20.31,2.35,5.98,5.18,10007.17,73486,276,11.44,10.57,115,18.18,15.36,0.1,110.98,105.08,,19.86
Portugal,PRT,EU,2010,5.49,10.77,11.86,22.75,3.77,6.17,5.29,12205.9,68074,274,11.2,10.57,115,18.52,15.19,0.05,109.77,107.52,,19.93
Portugal,PRT,EU,2011,5.43,12.68,13.05,30.26,4.24,6.29,5.53,12576.17,67196,256,10.18,10.56,115,18.87,15.05,-0.15,109.65,108.86,,19.33
Portugal,PRT,EU,2012,5.38,15.53,15.5,37.92,7.22,6.39,5.64,13749.61,65490,230,10.78,10.51,115,19.2,14.94,-0.41,108.92,110.33,,19.09
Portugal,PRT,EU,2013,5.28,16.19,16.37,38.09,6.44,6.35,5.62,15741.74,63800,234,10.2,10.46,114,19.63,14.78,-0.55,110.04,119.17,,18.88
Portugal,PRT,EU,2014,5.22,13.9,14.33,34.75,5.44,6.34,5.7,15993.04,63414,234,8.63,10.4,114,20.11,14.56,-0.54,108.55,114.98,,18.99
Portugal,PRT,EU,2015,5.2,12.45,12.75,31.95,0.64,6.16,5.56,15711.9,67508,,7.51,10.36,113,20.57,14.3,-0.41,107.01,116.87,61.86,19.59
Portugal,PRT,EU,2016,5.18,11.07,11.17,27.95,3.56,5.9,5.4,16587.65,66391,,6.9,10.33,113,21.03,14.08,-0.32,105.81,115.64,63.27,19.45
Portugal,PRT,EU,2017,5.22,8.87,9.35,23.87,5.02,6,5.5,16676.87,70958,,6.38,10.3,112,21.49,13.9,-0.24,104.91,117.43,64.17,19.25
Portugal,PRT,EU,2018,5.23,6.99,7.44,20.31,3.47,6.1,5.4,17008.98,66613,,6.03,10.28,112,21.93,13.72,-0.16,104.98,118.46,65.03,19.38
Portugal,PRT,EU,2019,5.25,6.46,7.15,18.28,4.5,6,5,18588.31,61575,,5.48,10.29,112,22.39,13.53,0.02,105.18,119.54,65.93,18.89
Portugal,PRT,EU,2020,5.14,6.8,7.06,22.49,1.81,,,18017.72,55641,,5.36,10.3,112,22.86,13.34,0.11,105.59,118.36,67.8,19.39
Portugal,PRT,EU,2021,5.16,6.58,6.9,23.47,3.61,,,19634.52,,,2.71,10.36,113,23.29,13.15,0.63,104.93,118.32,71.87,19.31
Portugal,PRT,EU,2022,5.28,6.01,6.49,19.05,5.08,,,,,,2.8,10.43,,23.69,13,0.46,109.85,121.98,75.56,18.4
Portugal,PRT,EU,2023,5.41,6.51,6.89,20.3,3.95,,,,,,2.95,10.58,,24.11,12.89,1.1,,,,18.2
Portugal,PRT,EU,2024,5.46,6.38,6.92,21.2,4.27,,,,,,,10.7,,24.53,12.8,,,,,18.4
Romania,ROU,EU,2000,9.32,6.97,6.34,17.99,2.78,,,0,120735,224,45.18,22.44,98,13.49,18.63,-0.13,104.29,82.38,23.29,30.26
Romania,ROU,EU,2001,9.24,6.56,5.98,17.8,2.86,,,0,125733,229,44.39,22.13,96,13.8,18.09,-1.4,105.79,83.5,28.05,32.34
Romania,ROU,EU,2002,9.12,8.11,7.58,22.7,2.48,,,3,122831,232,37.69,21.73,95,14.13,17.47,-1.83,105.53,84.95,33.7,33.33
Romania,ROU,EU,2003,9.13,6.95,6.36,19.69,3.19,,,3,127729,220,37.68,21.57,94,14.43,16.88,-0.72,102.83,84.22,38.91,32.05
Romania,ROU,EU,2004,9.12,7.72,6.12,23.16,8.59,,,4.05,126078,225,32.57,21.45,93,14.7,16.36,-0.57,105.12,82.58,41.8,31.83
Romania,ROU,EU,2005,9.09,7.17,6.41,20.55,6.6,,,6.08,125493,222,32.29,21.32,93,14.92,15.99,-0.62,102.19,81.06,45.46,32.27
Romania,ROU,EU,2006,9.06,7.27,6.09,21.75,9.02,2.06,3.78,3.9,129071,218,30.6,21.19,92,15.09,15.8,-0.59,101.63,85.68,54.14,32.98
Romania,ROU,EU,2007,8.95,6.41,5.39,20.65,5.79,2,3.7,37.48,126731,224,29.53,20.88,91,15.25,15.72,-1.48,100.09,84.26,60.28,34.28
Romania,ROU,EU,2008,8.83,5.79,4.66,19.24,6.38,1.91,3.88,29.74,124732,231,28.7,20.54,89,15.42,15.7,-1.67,98.58,94.54,73.45,36.77
Romania,ROU,EU,2009,8.12,6.86,5.82,21.46,2.66,1.98,4.05,18.62,108964,201,29.09,20.37,89,15.63,15.72,-0.83,100.86,103.39,81.53,36.42
Romania,ROU,EU,2010,8.6,6.96,6.18,22.19,1.89,2.11,3.87,417.37,106102,192,31.01,20.25,88,15.84,15.75,-0.59,99.97,102.47,75.23,38.31
Romania,ROU,EU,2011,8.49,7.18,6.46,24.08,1.23,2.1,3.64,1586.29,110693,188,29.25,20.15,88,16.06,15.77,-0.49,98.38,100.74,66.79,40.21
Romania,ROU,EU,2012,8.48,6.79,6.07,22.82,1.7,1.94,3.41,2860.17,108407,190,29.71,20.06,87,16.27,15.75,-0.45,96.24,97.45,54.95,34.43
Romania,ROU,EU,2013,8.46,7.1,6.3,24.03,2.03,2.08,3.36,5191.59,99157,190,29.25,19.98,87,16.46,15.7,-0.37,,95.7,51.38,32.07
Romania,ROU,EU,2014,8.5,6.8,6.09,24.37,1.94,2.75,3.62,8321.1,98500,192,28.35,19.91,87,16.79,15.66,-0.37,,93.53,51.1,32.57
Romania,ROU,EU,2015,8.58,6.81,5.86,22.04,2.43,2.75,3.56,9568.59,100784,,25.59,19.82,86,17.21,15.66,-0.47,89.05,91.34,49.36,30.81
Romania,ROU,EU,2016,8.47,5.9,4.99,21.03,3.37,2.6,3.7,8941.05,99275,,23.1,19.7,86,17.57,15.71,-0.57,87.59,88.78,49.91,30.12
Romania,ROU,EU,2017,8.56,4.93,4.04,18.73,2.83,2.7,4,9787.78,102255,,22.78,19.59,85,17.91,15.82,-0.58,87.27,88.38,50.51,29.11
Romania,ROU,EU,2018,8.5,4.19,3.49,16.61,3.02,3,4.7,8530.69,103465,,22.31,19.47,85,18.25,15.95,-0.59,91.38,86.56,51.99,28.91
Romania,ROU,EU,2019,8.47,3.91,3.38,17.15,2.93,3,4.6,9055.28,101844,,21.24,19.37,84,18.6,16.04,-0.53,92.61,86.41,52.44,27.63
Romania,ROU,EU,2020,8.41,5.03,4.69,17.59,1.43,,,9225.76,95744,,20.51,19.27,84,19.02,16.1,-0.55,91.9,86.42,53.49,26.49
Romania,ROU,EU,2021,8.42,5.59,5.05,21.15,4.11,,,8931.71,,,18.87,19.12,83,19.33,16.1,-0.75,90.77,86.2,55.27,26.08
Romania,ROU,EU,2022,8.42,5.61,5.05,22.87,3.87,,,,,,18.24,19.05,,19.52,16.02,-0.39,84.88,83.03,58.24,27.34
Romania,ROU,EU,2023,8.28,5.59,5.12,21.69,2.48,,,,,,17.89,19.06,,19.75,15.88,0.05,,,,26.69
Romania,ROU,EU,2024,8.26,5.38,4.87,21.33,1.92,,,,,,,19.07,,19.98,15.72,,,,,25.03
Slovakia,SVK,EU,2000,2.58,18.55,18.4,36.61,7.47,,,0,45992,67,6.65,5.39,112,11.33,19.69,-0.14,102.85,87.49,28.71,29.51
Slovakia,SVK,EU,2001,2.62,19.15,18.6,38.88,4.99,,,154,46598,72,6.15,5.38,112,11.39,19.05,-0.18,104.61,87.46,30.82,29.92
Slovakia,SVK,EU,2002,2.63,18.54,18.57,37.43,11.95,,,152,46153,80,6.18,5.38,112,11.45,18.43,-0.04,104.18,88.58,32.74,29.32
Slovakia,SVK,EU,2003,2.66,17.55,17.77,33.41,2.08,,,101,46409,75,5.79,5.37,112,11.52,17.86,-0.07,104.27,91.03,34.55,30.78
Slovakia,SVK,EU,2004,2.67,18.21,19.22,33,7.1,,,26,45721,75,5.07,5.37,112,11.61,17.34,-0.02,104.14,93.8,36.66,32.17
Slovakia,SVK,EU,2005,2.66,16.28,17.26,30.27,6.27,,,38,46544,78,4.75,5.37,112,11.73,16.88,0.01,102.93,95.35,40.77,32.06
Slovakia,SVK,EU,2006,2.65,13.4,14.76,26.85,8.06,3.67,3.48,404,46106,79,4.39,5.37,112,11.85,16.44,0,102.15,95.54,45.03,34.23
Slovakia,SVK,EU,2007,2.65,11.16,12.69,20.48,5.84,3.47,3.68,483,45149,83,4.21,5.37,112,11.99,16.05,0.03,102.25,95.33,50.56,33.4
Slovakia,SVK,EU,2008,2.68,9.51,10.95,19.07,4.6,3.11,3.52,524.33,45181,86,3.96,5.38,112,12.12,15.73,0.09,102.77,94.75,54.16,32.92
Slovakia,SVK,EU,2009,2.67,12.02,12.83,27.42,1.7,3.47,3.54,542.56,41539,81,3.59,5.39,112,12.29,15.53,0.13,102.23,94.4,56.77,29.29
Slovakia,SVK,EU,2010,2.68,14.39,14.6,33.75,2.32,3.88,3.32,684.94,43072,84,3.23,5.39,112,12.45,15.46,0.09,101.64,94.78,58.04,29.96
Slovakia,SVK,EU,2011,2.68,13.63,13.66,33.49,5.45,3.59,3.18,1221.19,41566,82,3.08,5.4,112,12.63,15.43,0.13,100.5,95,57.15,29.93
Slovakia,SVK,EU,2012,2.71,13.97,14.53,34.1,1.88,3.7,3.36,1371,39208,71,3.24,5.41,112,12.91,15.39,0.17,99.13,95.05,57.04,30.07
Slovakia,SVK,EU,2013,2.72,14.23,14.52,33.71,1.01,3.62,3.23,1505,39867,75,3.32,5.41,113,13.28,15.35,0.11,98.69,93.53,55.25,27.96
Slovakia,SVK,EU,2014,2.74,11.54,12.95,26.75,-0.36,3.69,3.37,2020,37218,74,3.17,5.42,113,13.7,15.33,0.1,98.51,92.76,53.88,29.89
Slovakia,SVK,EU,2015,2.74,11.49,12.9,26.57,1.7,4.03,3.52,2174,37650,,3.1,5.42,113,14.15,15.33,0.1,98.31,91.9,52.72,29.93
Slovakia,SVK,EU,2016,2.76,9.68,10.78,22.27,5.28,4.1,3.4,2270,38503,,2.89,5.43,113,14.66,15.41,0.13,97.62,91.45,50.3,28.67
Slovakia,SVK,EU,2017,2.75,8.14,8.41,18.96,4.4,4,3.5,2208,40433,,2.71,5.44,113,15.2,15.54,0.16,98.27,91.25,49.13,28.08
Slovakia,SVK,EU,2018,2.74,6.54,7.04,14.97,2.11,4,3.9,2216,39884,,2.3,5.45,113,15.73,15.69,0.14,97.02,91.78,47.81,28.59
Slovakia,SVK,EU,2019,2.74,5.76,5.96,16.12,2.15,4,3.8,2288,38040,,2.79,5.45,113,16.26,15.79,0.14,97.99,91.32,48.19,29.15
Slovakia,SVK,EU,2020,2.71,6.72,7.1,19.44,-1.06,,,2340,35984,,2.58,5.46,114,16.76,15.85,0.09,99.92,90.81,48.38,28.54
Slovakia,SVK,EU,2021,2.76,6.89,7.14,21.21,2.26,,,2520,,,3.21,5.45,113,17.16,15.93,-0.21,100.06,91.09,50.73,27.42
Slovakia,SVK,EU,2022,2.79,6.14,6.38,19.92,4.17,,,,,,2.54,5.43,,17.57,15.97,-0.28,100.33,92.2,52.5,26.53
Slovakia,SVK,EU,2023,2.79,5.84,5.93,19.75,-0.24,,,,,,2.37,5.43,,18.05,15.91,-0.09,,,,29.14
Slovakia,SVK,EU,2024,2.78,5.23,5.41,18.19,2.53,,,,,,,5.42,,18.54,15.76,,,,,28.53
Slovenia,SVN,EU,2000,0.97,6.92,7.06,16.38,0.67,,,70.72,17745,50,9.58,1.99,99,13.91,15.95,0.3,99.62,102.75,55.37,30.45
Slovenia,SVN,EU,2001,0.97,5.68,6.02,15.73,2.42,,,71.74,18709,52,9.9,1.99,99,14.2,15.58,0.16,102.65,108.75,60.85,30.6
Slovenia,SVN,EU,2002,0.99,5.92,6.27,14.9,7.97,,,102.56,18791,51,9.58,1.99,99,14.49,15.21,0.12,105.33,109.76,66.65,30.04
Slovenia,SVN,EU,2003,0.96,6.48,7.02,15.35,1.82,,,122.29,18752,51,8.4,2,99,14.76,14.82,0.06,110.09,111.06,69.6,30.29
Slovenia,SVN,EU,2004,1.01,6.01,6.41,14.1,2.23,,,121.13,18962,52,9.69,2,99,15.04,14.5,0.06,96.68,98.9,73.35,30.26
Slovenia,SVN,EU,2005,1.02,6.51,7.04,15.97,2.7,,,114.01,19212,54,8.98,2,99,15.33,14.27,0.17,98.21,98.43,81.27,29.81
Slovenia,SVN,EU,2006,1.03,5.95,7.19,13.89,1.76,4.44,4.71,112.06,19545,56,9.49,2.01,100,15.6,14.09,0.32,100.25,97.23,85.27,30.11
Slovenia,SVN,EU,2007,1.04,4.82,5.84,10.13,3.94,4.46,4.67,113.41,19518,55,9.71,2.02,100,15.85,13.95,0.56,96.44,99.24,87.27,30.6
Slovenia,SVN,EU,2008,1.04,4.37,4.82,10.51,1.95,4.66,4.77,289.6,20489,64,8.43,2.02,100,16.12,13.95,0.16,97.11,99.93,88.6,29.76
Slovenia,SVN,EU,2009,1.05,5.86,5.81,13.66,-0.69,4.94,4.86,191.56,18512,54,8.94,2.04,101,16.32,14.03,0.9,97.71,98.97,87.97,27.38
Slovenia,SVN,EU,2010,1.04,7.24,7.02,14.7,0.67,4.84,4.77,230.82,18806,55,8.67,2.05,102,16.37,14.14,0.44,98.06,98.54,90.25,26.35
Slovenia,SVN,EU,2011,1.02,8.17,8.17,15.76,1.71,4.68,4.64,318.68,18746,55,8.43,2.05,102,16.5,14.28,0.21,97.99,98.48,87.19,26.55
Slovenia,SVN,EU,2012,1.02,8.84,9.37,20.65,0.07,5.01,4.49,429.68,18135,54,8.27,2.06,102,16.79,14.42,0.21,98.21,98.11,89.02,27.07
Slovenia,SVN,EU,2013,1.01,10.1,10.91,21.67,0.22,5.08,4.33,481.71,17509,51,8.39,2.06,102,17.15,14.57,0.14,98.6,110.56,87.86,27.14
Slovenia,SVN,EU,2014,1.02,9.67,10.55,20.24,2.06,4.9,4.45,519.04,16006,50,9.39,2.06,102,17.55,14.7,0.1,98.59,110.18,84.38,27.77
Slovenia,SVN,EU,2015,1.01,8.96,10.03,16.3,4.05,4.65,4.42,546.43,16104,,6.95,2.06,102,18.02,14.82,0.08,98.38,109.66,82.2,27.63
Slovenia,SVN,EU,2016,1,8,8.59,15.24,3.27,4.4,4.3,554.53,16918,,4.94,2.07,103,18.51,14.92,0.07,97.98,115.22,79.47,27.6
Slovenia,SVN,EU,2017,1.03,6.56,7.48,11.24,2.48,4.4,4.3,580.43,17098,,5.46,2.07,103,19,15.01,0.07,98.18,114.6,79.27,28.03
Slovenia,SVN,EU,2018,1.04,5.11,5.7,8.82,2.86,4.7,4.6,529.44,16969,,5.33,2.07,103,19.46,15.09,0.36,99.46,113.56,77.3,28.07
Slovenia,SVN,EU,2019,1.04,4.45,4.96,8.14,3.99,4.9,4.6,560.77,16534,,4.24,2.09,104,19.85,15.11,0.7,99.84,111.37,76.47,28.56
Slovenia,SVN,EU,2020,1.03,4.97,5.63,14.18,0.95,,,649.23,15287,,4.01,2.1,104,20.12,15.14,0.67,100.23,110.36,75.82,28.94
Slovenia,SVN,EU,2021,1.04,4.74,5.32,12.85,3.61,,,736.25,,,4,2.11,105,20.43,15.16,0.27,99.78,108.18,82.24,28.17
Slovenia,SVN,EU,2022,1.06,4.01,4.32,10.14,3.64,,,,,,4.27,2.11,,20.88,15.1,0.19,100.64,107.87,82.39,28.01
Slovenia,SVN,EU,2023,1.06,3.65,3.71,9.98,2.09,,,,,,4.03,2.12,,21.33,14.93,0.42,,,,29.7
Slovenia,SVN,EU,2024,1.06,3.36,3.58,9.36,2.69,,,,,,,2.13,,21.77,14.71,,,,,28.76
Spain,ESP,EU,2000,18.28,13.78,20.37,25.26,6.77,,,6234,369377,1433,6.69,40.57,81,16.55,14.82,0.45,104.22,113.41,58.41,28.02
Spain,ESP,EU,2001,18.16,10.35,15.06,20.72,4.6,,,8407,367802,1492,6.56,40.85,82,16.81,14.66,0.69,104.56,115.33,61,27.99
Spain,ESP,EU,2002,18.99,11.15,16.06,21.54,5.55,,,11946,384461,1505,6,41.43,83,16.92,14.57,1.41,105.45,115.29,63.74,27.76
Spain,ESP,EU,2003,19.76,11.28,15.7,22.33,3.39,,,15279,393439,1542,5.7,42.19,85,16.81,14.54,1.81,105.16,114.45,65.53,27.41
Spain,ESP,EU,2004,20.45,11.09,15.05,22.48,2.36,,,19053.74,409554,1571,5.49,42.92,86,16.62,14.52,1.73,105,115.08,67.47,26.97
Spain,ESP,EU,2005,21.23,9.15,11.99,19.64,2.34,,,23876.98,424169,1607,5.3,43.65,87,16.55,14.51,1.69,104.36,117.57,68.14,27.13
Spain,ESP,EU,2006,21.94,8.45,11.36,17.89,2.61,5.37,5.68,26195.97,418157,1588,4.81,44.4,89,16.54,14.54,1.69,103.61,117.27,68.96,26.9
Spain,ESP,EU,2007,22.53,8.23,10.71,18.09,4.62,5.34,5.75,30981.21,434498,1611,4.52,45.23,91,16.43,14.59,1.85,103.03,117.49,69.23,26.27
Spain,ESP,EU,2008,23.16,11.25,12.84,24.44,4.53,5.09,5.63,38779.15,401199,1547,4.05,45.95,92,16.44,14.69,1.6,102.45,117.21,69.4,26.19
Spain,ESP,EU,2009,23.4,17.86,18.13,37.71,0.64,5.17,5.5,47669,365093,1468,4.12,46.36,93,16.62,14.81,0.89,102.1,117.36,71.43,24.78
Spain,ESP,EU,2010,23.52,19.86,20.23,41.45,2.56,5.68,5.8,55472.2,350175,1441,4.2,46.58,93,16.89,14.92,0.46,101.21,122.62,76.38,22.99
Spain,ESP,EU,2011,23.59,21.39,21.81,46.16,1.8,5.91,6.02,56927.25,349835,1385,4.1,46.74,94,17.17,15.01,0.36,100.81,126.15,80.72,21.89
Spain,ESP,EU,2012,23.6,24.79,25.03,52.83,1.57,5.93,6.01,66417.87,343394,1301,4.22,46.77,94,17.46,15.06,0.06,100.47,127.79,82.89,20.8
Spain,ESP,EU,2013,23.4,26.09,26.68,55.44,3.46,5.95,6.04,74541.38,317007,1208,4.3,46.6,93,17.85,15.07,-0.33,103.11,126.72,85.21,20.03
Spain,ESP,EU,2014,23.18,24.44,25.43,53.17,2.32,5.91,6,71101.52,315739,1200,4.24,46.46,93,18.26,15.05,-0.3,102.54,125.34,88,19.87
Spain,ESP,EU,2015,23.13,22.06,23.56,48.35,1.97,5.8,5.89,68949.69,326263,,4.12,46.42,93,18.54,15,-0.08,102.14,124.85,88.57,19.92
Spain,ESP,EU,2016,23.05,19.64,21.39,44.44,3.62,5.5,5.8,68256.77,316709,,4.22,46.46,93,18.77,14.92,0.08,102.13,123.27,89.81,19.79
Spain,ESP,EU,2017,23.03,17.22,19.04,38.59,2.54,5.5,5.8,69622,333288,,4.35,46.57,93,18.99,14.82,0.23,102.51,120.56,91.89,19.9
Spain,ESP,EU,2018,23.01,15.26,17.04,34.36,4.47,5.6,5.6,69571,326838,,4.2,46.78,94,19.2,14.67,0.44,102.64,119.43,92.17,19.74
Spain,ESP,EU,2019,23.23,14.1,16.01,32.56,2.16,5.7,5.6,76342,309375,,4.03,47.12,94,19.38,14.45,0.72,103.19,118.52,91.02,19.98
Spain,ESP,EU,2020,22.92,15.53,17.45,38.31,2.92,,,83276,270311,,3.99,47.36,95,19.56,14.2,0.49,103.41,117.37,90.95,20.12
Spain,ESP,EU,2021,23.46,14.78,16.73,34.84,4.42,,,96120.55,,,4.06,47.44,95,19.81,13.91,0.11,102.9,119.11,94.59,20.32
Spain,ESP,EU,2022,23.84,12.92,14.78,29.85,4.53,,,,,,3.8,47.79,,20.19,13.6,0.76,102.45,119.02,94.51,20.93
Spain,ESP,EU,2023,24.2,12.18,13.88,28.75,2.65,,,,,,3.62,48.35,,20.65,13.26,1.24,,,,20.12
Spain,ESP,EU,2024,24.39,11.39,13.09,27.01,1.89,,,,,,,48.81,,21.15,12.92,,,,,19.5
Sweden,SWE,EU,2000,4.49,5.47,5,9.29,8.68,,,4556.42,68330,362,2.91,8.87,22,17.26,18.43,0.16,106.77,151.76,67.64,26
Sweden,SWE,EU,2001,4.56,4.73,4.4,11.67,7.51,,,4260.52,67195,369,2.64,8.9,22,17.22,18.27,0.27,106.83,147.9,70.01,25.68
Sweden,SWE,EU,2002,4.58,4.97,4.62,12.92,6.87,,,4784.67,68557,373,2.52,8.92,22,17.18,18.11,0.33,107.15,144.22,74.74,25.46
Sweden,SWE,EU,2003,4.61,5.55,5.01,14.31,1.8,,,5190.82,69556,370,2.55,8.96,22,17.16,17.92,0.37,107.76,136.47,80.49,24.89
Sweden,SWE,EU,2004,4.62,6.69,6.18,18.52,4.38,,,8063.31,68081,368,2.49,8.99,22,17.21,17.69,0.39,100.14,101.43,83.03,24.75
Sweden,SWE,EU,2005,4.72,7.81,7.73,22.83,5.31,,,8428.26,64256,360,2.32,9.03,22,17.28,17.41,0.4,100.28,101.48,81.74,24.58
Sweden,SWE,EU,2006,4.77,7.07,7.26,21.48,5.22,5.5,5.79,9344.82,62698,354,2.23,9.08,22,17.33,17.13,0.56,100.3,101.2,79.34,24.84
Sweden,SWE,EU,2007,4.84,6.16,6.47,19.26,9.42,5.65,6.03,11265.06,60691,350,2.25,9.15,22,17.44,16.9,0.74,100.06,101,75.39,25.02
Sweden,SWE,EU,2008,4.9,6.24,6.57,20.21,8.05,5.63,6.02,12339.5,59448,337,2.12,9.22,23,17.65,16.73,0.78,100.14,101.52,71.16,24.15
Sweden,SWE,EU,2009,4.91,8.35,8.01,25.02,2.06,5.69,6.04,13957.68,55495,318,2.18,9.3,23,17.94,16.63,0.85,99.49,101.43,71.01,22.33
Sweden,SWE,EU,2010,4.94,8.61,8.52,24.76,0.13,5.71,6.2,15687.49,61014,336,2.1,9.38,23,18.28,16.6,0.85,99.16,102.25,73.08,23.86
Sweden,SWE,EU,2011,5,7.8,7.76,22.78,1.22,5.66,6.25,17654.1,57208,315,1.99,9.45,23,18.64,16.66,0.76,97.79,102.14,71.92,23.73
Sweden,SWE,EU,2012,5.03,7.98,7.71,23.61,0.78,5.58,5.97,19377.1,54382,300,2.06,9.52,23,18.98,16.79,0.74,99.55,103.11,68.74,23.11
Sweden,SWE,EU,2013,5.09,8.05,7.89,23.52,0.25,5.52,5.73,21326.97,52593,297,2.03,9.6,24,19.27,16.97,0.85,118.14,132.71,65.78,21.98
Sweden,SWE,EU,2014,5.13,7.95,7.7,22.82,-1.05,5.5,5.67,21977.53,51286,305,1.97,9.7,24,19.52,17.16,0.99,118.03,133.66,64.95,21.61
Sweden,SWE,EU,2015,5.18,7.43,7.29,20.36,1.95,5.36,5.6,27184.85,51266,,2.04,9.8,24,19.7,17.34,1.06,119.62,137.46,66.43,22.28
Sweden,SWE,EU,2016,5.25,6.99,6.59,18.9,3.01,5.3,5.7,27108.66,50783,,1.89,9.92,24,19.77,17.53,1.26,121.45,137.56,68.31,21.96
Sweden,SWE,EU,2017,5.33,6.72,6.44,17.88,4.53,5.5,5.8,29915.1,50356,,1.83,10.06,25,19.8,17.68,1.35,122.9,142.64,70.43,22.16
Sweden,SWE,EU,2018,5.4,6.36,6.24,17.4,-0.13,5.6,5.8,28943.1,47719,,1.73,10.18,25,19.86,17.76,1.16,123.75,140.82,73.41,22.19
Sweden,SWE,EU,2019,5.46,6.83,6.96,20.09,2.98,5.3,5.7,33562,46792,,1.69,10.28,25,19.95,17.78,1.01,120.6,136.64,75.11,22.29
Sweden,SWE,EU,2020,5.47,8.29,8.28,23.9,3.4,,,39754,45459,,1.73,10.35,25,20.06,17.74,0.72,119.5,136.43,79.12,21.81
Sweden,SWE,EU,2021,5.52,8.72,9.05,24.6,9.1,,,41852,,,1.97,10.42,26,20.2,17.65,0.6,117.35,138.69,85.94,23.06
Sweden,SWE,EU,2022,5.6,7.39,7.91,21.61,9.3,,,,,,1.86,10.49,,20.34,17.49,0.68,116.43,139.41,83.9,24.02
Sweden,SWE,EU,2023,5.67,7.61,7.87,21.95,3.08,,,,,,1.77,10.54,,20.54,17.25,0.47,,,,23.23
Sweden,SWE,EU,2024,5.7,8.53,8.67,23.77,4.37,,,,,,,10.57,,20.75,16.99,,,,,22.57
