FDI,QOR,QOA,EIAP,PDPS,PGP,VABI,GCFP,GGFC,GDPCG,EII,EBSG,GDPC,EIS,LBGD,EMP,LTU,FEM,LFG,EPFRG,GGAG,DI,CFI,COC,CPI,VAA,EUPC
-0.6997111736991842,1.5081632235510711,1.4875760240971125,2.882428646026599,0.416516279510167,-0.39286973802255554,1.0125509118524652,0.14905162987360737,-1.7334163520605161,0.7291694058628301,2.4370873100018517,0.5739554963701408,-1.34436812226255,-2.5675264383252787,0.3154911788860437,7.146179475128373e-15,0.0,0.0,-0.10390812000783561,0.4569408579139749,-0.4292549498444703,0.0,0.0,-1.4675629339255727,-1.7529196424044293,-0.9660030816345824,-1.8855535314309766
-1.3402918256773106,1.4816684642184177,1.3780095180729626,1.121326657046148,0.416516279510167,-0.49186053815422304,0.35731068578008696,0.2400828713176196,-1.3911561338110345,0.009729223537004922,1.7410723755906203,0.048785008087029735,-1.2146410567784676,-1.5982812542167977,0.2390423711645151,7.146179475128373e-15,0.0,0.0,-0.4696647024354047,-0.43873000934866146,0.7636406646523445,1.5149709683686787,0.0,-1.0203056588244457,-0.674199862463242,-0.9660030816345824,-1.575684704277198
-0.5321746954895205,1.3491946675551485,1.2136597590367388,0.7544304093418869,0.02603226746938405,-0.5908513382858906,-3.230129551966161,-2.094999975417084,0.03315371646476685,-2.3847596957694366,1.0531773558146198,-0.8311492667101616,-1.4341565567932424,-0.9860226815765922,-0.8325062639375163,-2.0437979090318983,2.131268201673698,-2.022761763532725,-0.4031635056303814,-0.6674024782380009,-1.4988554371889438,0.0,0.0,-1.0203056588244457,0.40451991747794525,-1.20018564687933,0.6967000308003323
0.3055076955587988,1.1637313522265704,1.2136597590367388,0.6443615350306086,0.02603226746938405,-0.425866671399778,0.35731068578008696,-0.8555317089707138,-0.3309963323004035,1.2069690031300464,0.4413134059379059,-0.5402542492305575,-1.1227514141863892,-0.49389845038635205,-1.5138563269201444,-1.6415037687655145,1.7280552986543494,-1.623344772144036,-0.33666230882538173,-0.2895996545891155,1.8169899997174566,-1.3389192962035084,0.0,-0.5730483837233187,-0.674199862463242,-1.902733342613572,0.43641610138901604
0.37449330423336613,0.44837285024491563,0.7753937349401391,0.6076719102601824,-1.9263877927345308,-3.230606008463692,0.7668358270753212,0.5612934301909343,-0.7491291382599378,1.727435793937397,0.3482000908354496,-0.7579471389897575,-0.6664852042583996,-0.4214380725057988,0.19368671209691413,-0.9374890232993371,1.0560337936221023,-1.0242192850610023,-1.6001850481206117,1.0275111067556224,-0.47697840407330033,-1.5983638657100772,-2.2774652037888004,-1.2439342963750093,0.40451991747794525,-0.731820516389835,0.8475319514463684
-0.34492804337283717,0.2894042942489908,0.501477469879763,0.3141549120967743,-1.5359037806937477,0.13508119601300467,1.2091229796741736,-0.8975890531361452,-0.5723828575175406,-0.29541533025930095,0.29443884925560393,0.2684060221788914,-0.546408329315688,-0.30208096878720875,0.47355188224607675,-0.7363419531661488,0.6528208906027544,-0.8644524885055244,0.32834965922473314,0.3860195092261813,1.1591998148511764,-1.5983638657100772,-0.8390661277116612,0.5450948040294988,-0.674199862463242,0.20490974458914943,0.9339173153901168
-0.40405856509389504,0.07744621958775923,-0.2380964457832474,-0.08943096037791289,-1.5359037806937477,0.26706892952189476,0.11159560100294877,-0.6474713210528942,-0.269498330969143,-0.3601377399407276,-0.22735460985191203,0.03946154097996205,-0.39674937930522575,0.1971618046773324,0.5407242203570908,-0.4849081154996579,0.5184165895963049,-0.5449188953945743,0.926860430469872,-0.22427735974509513,1.2801678990714962,-1.792947292839995,-1.2816504588123243,0.09783752892837184,-1.7529196424044293,0.6732748750786443,1.8902048610529727
-1.7049300429571672,-0.2669856517367415,-0.6215792168677711,-0.1628102099187651,-1.1454197686529648,0.5145459298510636,0.2754056575210448,-0.3640797295800263,-0.30225064310164884,0.24962857703499036,0.11732923630179679,0.701920802612012,-0.13032821680732648,-0.044397843208113075,0.8303672152288057,-0.28376104536646235,0.24960798758340635,-0.2653270014224907,0.4281014544322799,0.26843937850694455,-0.9016828132895792,0.3474704055891482,-1.0603582932619926,0.3214661664789354,-0.674199862463242,1.3758225708128864,0.801911083037721
-0.34492804337283717,-0.6909018010592046,-0.5941875903617342,-0.30956870900046957,-0.3644517445713989,1.25697693083857,0.1279766066547607,-0.9320932144124134,-0.21394078912121509,-0.11207007426200456,-0.33849934471031795,1.464510223095596,0.05552346645737682,0.3298137346807451,0.8275033453073057,-0.13290074276656924,0.11520368657695683,-0.06561850572814616,0.32834965922473314,1.4478845143912913,0.8338715833056427,0.3474704055891482,0.15674861726481487,-0.3494197461727552,1.4832396974191326,0.9074574403233917,-0.11667666941898185
-0.5223196085360108,-1.008838913051052,-0.731145722891921,-0.6030857071638777,0.416516279510167,1.1579861307069026,0.6194067762090372,-0.7093740470999426,-0.03505330712584015,0.14792563434437797,-0.7264155899340261,1.330651774287246,0.26690963856388683,0.7016188536627034,0.862113245147023,0.16881986243321692,-0.422413517448841,0.29385678652167063,0.9601110288723718,-1.0006794927483091,0.7702403110005359,0.2826092632125089,1.0419172794661251,-0.3494197461727552,1.4832396974191326,-0.4976379511450876,-1.658276799486249
0.7095662606526941,-1.2737865063775902,-1.005061987952297,-0.713154581475156,0.8070002915509499,0.4320535964080072,0.4555967196909469,-0.07447888962767246,-0.08653255404032888,0.4694982378330983,-0.696828551991261,1.1766555537495211,0.5701288192220968,0.7092941563190758,0.8017252490234084,0.5208272351663056,-0.5568178184552902,0.5734486804937542,0.4281014544322799,1.4637040633467138,-0.004016465201170214,0.15288697845921875,1.5951476933419462,0.09783752892837184,1.4832396974191326,1.141640005568139,-0.5868434635197671
1.8034809124922637,-1.2737865063775902,-1.552894518073047,-0.8232234557864343,0.8070002915509499,0.31656432958772845,0.16073861795837874,0.706279416860509,-0.04961580089792752,-0.09842740601466705,-0.7789151697850116,0.22506263171321364,0.791256825666262,0.7964117897008782,1.0885729164389388,0.8728346078993943,-0.8256264204681893,0.8530405744658377,0.2618484624197335,-0.2105019098120024,-0.4380290461455342,0.6069149750957055,1.152563362241291,2.334123904434002,0.40451991747794525,1.3758225708128864,-0.2813676429736034
-0.2562322607912506,-1.8036816930306692,-1.8268107831334206,-1.0066715796385648,1.1974843035917329,0.2010750627674497,-0.34707255724771546,0.5672453983145642,0.2970175901261552,-0.11808824804538627,-0.9774938477491362,-0.07670656530371674,1.026619186008035,0.9881697385412923,0.8804401883603601,1.2248419806324828,-1.0944350224810881,1.1326324684379212,0.7606074384573255,0.5013786819207221,-1.2838519295680917,0.6069149750957055,1.3738555277916225,1.6632379917823166,0.40451991747794525,-0.731820516389835,-0.08693080518523491
2.286380173214236,2.3532073474411702e-15,2.432865154314842e-15,-0.9332923300977126,1.1974843035917329,-0.046401937561719155,-0.7565976985429497,0.8663033669271942,1.878268552910626,-1.961734402723109,-0.7388668640345268,-0.3312423428205654,0.8106893121602118,0.7935663340732181,-1.7900847763348198,0.5208272351663056,-1.2288393234875372,0.6932737779103597,-2.4979512049882966,0.14054899006681607,-1.5914412272875613,0.5420538327190662,-0.5071278793861718,0.7687234415800624,0.40451991747794525,-0.2634553859003402,-0.11816187327120581
0.7489866084667327,2.3532073474411702e-15,2.432865154314842e-15,-0.8232234557864343,1.1974843035917329,-0.11239580431616417,-0.8712647381056157,1.514442629844266,1.8288824729110227,0.9527549783879752,-0.5752794962337247,-0.4928977702430545,1.362546089001428,0.6468790196915755,-1.7091117779884655,1.1745552130991803,-1.0944350224810881,1.2125158667156601,-0.7689200880579505,-2.8612361976470817,0.0,0.5420538327190662,0.37804078281513853,-0.3494197461727552,0.40451991747794525,0.9074574403233917,0.2417110425432922
-0.07884069562807718,2.3532073474411702e-15,2.432865154314842e-15,-0.8599130805568604,0.0,1.0094999305094012,-0.2487865233368555,1.9709191959681946,1.6966499067929866,-0.16247795705308768,-1.3729651494479402,-2.7992117197757986,1.9722149426279894,1.2507302776594547,-1.2076593790755363,1.77799642349876,-1.2288393234875372,1.6518745572432159,1.7581253905325334,0.0,0.0,1.3852486836154,0.2673947000399806,0.5450948040294988,-0.674199862463242,0.6732748750786443,0.46110310390339837
