Country,Code,ContinentCode,Year,Rule of law index (-2.5 weak; 2.5 strong),Government effectiveness index (-2.5 weak; 2.5 strong),Control of corruption (-2.5 weak; 2.5 strong),Regulatory quality index (-2.5 weak; 2.5 strong),Voice and accountability index (-2.5 weak; 2.5 strong),Corruption Perceptions Index 100 = no corruption,Government accountability,Freedom of expression,Judicial constraints on executive,Internet users percent of population,Innovations index (0-100),Property rights index (0-100)
Austria,AUT,EU,2000,1.81,1.85,1.75,1.48,1.32,,1.588,0.971,0.915,33.7,,90
Austria,AUT,EU,2001,,,,,,78,1.593,0.971,0.915,39.2,,90
Austria,AUT,EU,2002,1.86,1.88,1.92,1.54,1.31,78,1.586,0.971,0.915,36.6,,90
Austria,AUT,EU,2003,1.85,1.93,1.96,1.54,1.34,80,1.584,0.971,0.915,42.7,,90
Austria,AUT,EU,2004,1.82,1.84,2.03,1.51,1.48,84,1.588,0.971,0.915,54.3,,90
Austria,AUT,EU,2005,1.85,1.68,1.91,1.6,1.38,87,1.586,0.971,0.915,58,,90
Austria,AUT,EU,2006,1.9,1.83,1.9,1.64,1.37,86,1.632,0.971,0.915,63.6,,90
Austria,AUT,EU,2007,1.94,1.86,2,1.69,1.37,81,1.648,0.971,0.92,69.4,,90
Austria,AUT,EU,2008,1.91,1.77,1.83,1.61,1.36,81,1.65,0.971,0.92,72.9,,90
Austria,AUT,EU,2009,1.78,1.66,1.69,1.45,1.39,79,1.649,0.971,0.92,73.5,,90
Austria,AUT,EU,2010,1.8,1.81,1.6,1.45,1.43,79,1.636,0.967,0.92,75.2,,90
Austria,AUT,EU,2011,1.8,1.6,1.47,1.38,1.4,78,1.643,0.972,0.92,78.7,50.8,90
Austria,AUT,EU,2012,1.86,1.56,1.43,1.52,1.45,69,1.647,0.972,0.92,80,53.1,90
Austria,AUT,EU,2013,1.83,1.57,1.54,1.48,1.46,69,1.66,0.972,0.906,80.6,51.9,90
Austria,AUT,EU,2014,1.94,1.55,1.47,1.48,1.39,72,1.656,0.972,0.906,81,53.4,90
Austria,AUT,EU,2015,1.81,1.45,1.47,1.39,1.38,76,1.658,0.972,0.906,83.9,54.1,90
Austria,AUT,EU,2016,1.76,1.47,1.5,1.43,1.34,75,1.579,0.972,0.906,84.3,52.6,90
Austria,AUT,EU,2017,1.8,1.47,1.5,1.43,1.39,75,1.653,0.968,0.906,87.9,53.1,86
Austria,AUT,EU,2018,1.85,1.46,1.57,1.52,1.4,76,1.582,0.95,0.894,87.5,51.3,84
Austria,AUT,EU,2019,1.86,1.49,1.52,1.45,1.34,77,1.621,0.951,0.923,87.8,50.9,84
Austria,AUT,EU,2020,1.77,1.61,1.48,1.4,1.39,76,1.618,0.96,0.907,87.5,50.1,87
Austria,AUT,EU,2021,1.75,1.53,1.24,1.34,1.39,74,1.588,0.954,0.924,92.5,50.9,87
Austria,AUT,EU,2022,1.7,1.46,1.26,1.28,1.41,71,1.483,0.931,0.924,93.6,50.2,98
Austria,AUT,EU,2023,1.75,1.33,1.13,1.36,1.41,71,1.552,0.944,0.944,95.3,53.25,97
Austria,AUT,EU,2024,,,,,,67,1.496,0.91,0.944,94.9,50.3,97
Austria,AUT,EU,2025,,,,,,,,,,,50.1,97
Belgium,BEL,EU,2000,1.31,1.66,1.45,1.15,1.37,,1.643,0.981,0.936,29.4,,90
Belgium,BEL,EU,2001,,,,,,66,1.642,0.981,0.936,31.3,,90
Belgium,BEL,EU,2002,1.34,1.92,1.46,1.25,1.38,71,1.639,0.981,0.936,46.3,,90
Belgium,BEL,EU,2003,1.33,1.87,1.38,1.28,1.48,76,1.643,0.981,0.936,50,,90
Belgium,BEL,EU,2004,1.31,1.85,1.36,1.35,1.44,75,1.625,0.981,0.936,53.9,,90
Belgium,BEL,EU,2005,1.26,1.71,1.38,1.27,1.42,74,1.644,0.981,0.936,55.8,,90
Belgium,BEL,EU,2006,1.22,1.74,1.3,1.33,1.34,73,1.667,0.981,0.936,62,,90
Belgium,BEL,EU,2007,1.32,1.6,1.35,1.42,1.36,71,1.735,0.981,0.936,66.8,,80
Belgium,BEL,EU,2008,1.34,1.38,1.36,1.41,1.32,73,1.741,0.985,0.936,68.9,,80
Belgium,BEL,EU,2009,1.38,1.57,1.45,1.31,1.35,71,1.749,0.985,0.936,74.5,,80
Belgium,BEL,EU,2010,1.42,1.65,1.47,1.28,1.36,71,1.741,0.985,0.936,77.6,,80
Belgium,BEL,EU,2011,1.43,1.72,1.52,1.24,1.33,75,1.745,0.985,0.936,81.6,49.1,80
Belgium,BEL,EU,2012,1.45,1.67,1.56,1.22,1.35,75,1.751,0.985,0.936,80.7,54.3,80
Belgium,BEL,EU,2013,1.46,1.7,1.6,1.28,1.37,75,1.761,0.985,0.936,82.2,52.5,80
Belgium,BEL,EU,2014,1.55,1.52,1.51,1.15,1.37,76,1.767,0.985,0.936,85,51.7,80
Belgium,BEL,EU,2015,1.46,1.53,1.47,1.27,1.39,77,1.762,0.985,0.936,85.1,50.9,80
Belgium,BEL,EU,2016,1.39,1.4,1.53,1.33,1.38,77,1.767,0.985,0.93,86.5,52,80
Belgium,BEL,EU,2017,1.32,1.24,1.4,1.23,1.34,75,1.756,0.981,0.93,87.7,49.9,83
Belgium,BEL,EU,2018,1.34,1.22,1.43,1.26,1.33,75,1.756,0.981,0.93,88.6,50.5,81
Belgium,BEL,EU,2019,1.34,1.11,1.45,1.28,1.31,75,1.772,0.981,0.92,90.3,50.2,81
Belgium,BEL,EU,2020,1.33,1.08,1.45,1.34,1.28,76,1.744,0.974,0.924,91.5,49.1,85
Belgium,BEL,EU,2021,1.29,1.09,1.46,1.33,1.27,73,1.744,0.971,0.924,92.8,49.2,84
Belgium,BEL,EU,2022,1.35,1.23,1.49,1.25,1.3,73,1.756,0.977,0.924,94,46.9,93
Belgium,BEL,EU,2023,1.3,1.04,1.34,1.17,1.33,73,1.707,0.977,0.877,94.6,49.94,92
Belgium,BEL,EU,2024,,,,,,69,1.683,0.976,0.877,,47.7,92
Belgium,BEL,EU,2025,,,,,,,,,,,48.5,93
Bulgaria,BGR,EU,2000,-0.12,0.04,-0.18,0.2,0.46,,1.299,0.888,0.864,5.37,,50
Bulgaria,BGR,EU,2001,,,,,,39,1.29,0.888,0.864,7.61,,50
Bulgaria,BGR,EU,2002,-0.06,0.17,-0.17,0.53,0.53,40,1.298,0.888,0.864,9.08,,50
Bulgaria,BGR,EU,2003,-0.17,0.03,-0.09,0.67,0.55,39,1.303,0.888,0.864,12,,50
Bulgaria,BGR,EU,2004,-0.12,0.08,0.07,0.71,0.57,41,1.314,0.888,0.864,18.1,,30
Bulgaria,BGR,EU,2005,-0.11,0.13,0.02,0.66,0.59,40,1.261,0.888,0.864,20,,30
Bulgaria,BGR,EU,2006,-0.11,-0.13,-0.11,0.62,0.58,40,1.294,0.888,0.864,27.1,,30
Bulgaria,BGR,EU,2007,-0.06,-0.12,-0.23,0.64,0.69,41,1.288,0.883,0.868,33.6,,30
Bulgaria,BGR,EU,2008,-0.12,-0.17,-0.27,0.73,0.58,36,1.294,0.883,0.868,39.7,,30
Bulgaria,BGR,EU,2009,-0.04,0.07,-0.23,0.69,0.56,38,1.202,0.869,0.855,45,,30
Bulgaria,BGR,EU,2010,-0.1,-0.07,-0.24,0.68,0.53,36,1.195,0.87,0.825,46.2,,30
Bulgaria,BGR,EU,2011,-0.14,-0.07,-0.27,0.55,0.45,33,1.164,0.864,0.823,48,38.4,30
Bulgaria,BGR,EU,2012,-0.12,-0.03,-0.28,0.57,0.4,41,1.157,0.86,0.835,51.9,40.7,30
Bulgaria,BGR,EU,2013,-0.15,-0.01,-0.33,0.55,0.34,41,1.113,0.785,0.827,53.1,41.3,30
Bulgaria,BGR,EU,2014,-0.08,-0.11,-0.3,0.59,0.37,43,1.164,0.796,0.842,55.5,40.7,30
Bulgaria,BGR,EU,2015,-0.16,-0.01,-0.35,0.58,0.43,41,1.152,0.799,0.885,56.7,42.2,30
Bulgaria,BGR,EU,2016,-0.14,0.09,-0.26,0.7,0.4,41,1.166,0.796,0.86,59.8,41.4,30
Bulgaria,BGR,EU,2017,-0.12,0.1,-0.2,0.66,0.43,43,1.057,0.761,0.86,63.4,42.8,63
Bulgaria,BGR,EU,2018,-0.11,0.11,-0.19,0.61,0.37,42,1.052,0.747,0.822,64.8,42.6,64
Bulgaria,BGR,EU,2019,-0.04,0.17,-0.18,0.53,0.35,43,1.066,0.739,0.805,67.9,40.3,63
Bulgaria,BGR,EU,2020,-0.13,-0.21,-0.32,0.46,0.26,44,1.07,0.747,0.802,70.2,40,64
Bulgaria,BGR,EU,2021,-0.07,-0.17,-0.26,0.43,0.28,42,1.193,0.792,0.802,75.3,42.4,66
Bulgaria,BGR,EU,2022,-0.11,-0.27,-0.16,0.32,0.29,43,1.276,0.847,0.873,79.1,39.5,77
Bulgaria,BGR,EU,2023,-0.01,0.05,-0.14,0.41,0.39,45,1.225,0.807,0.873,80.4,38.98,75
Bulgaria,BGR,EU,2024,,,,,,43,1.125,0.841,0.744,,38.5,76
Bulgaria,BGR,EU,2025,,,,,,,,,,,39.1,76
Croatia,HRV,EU,2000,-0.03,0.36,-0.04,-0.12,0.51,,1.202,0.915,0.748,6.64,,30
Croatia,HRV,EU,2001,,,,,,39,1.222,0.925,0.772,11.6,,30
Croatia,HRV,EU,2002,-0.14,0.33,0.23,0.29,0.56,38,1.222,0.92,0.772,17.8,,30
Croatia,HRV,EU,2003,-0.05,0.32,0.26,0.47,0.62,37,1.207,0.925,0.772,22.8,,30
Croatia,HRV,EU,2004,0.04,0.44,0.24,0.53,0.66,35,1.17,0.91,0.772,30.9,,30
Croatia,HRV,EU,2005,0.08,0.46,0.14,0.48,0.45,34,1.252,0.898,0.772,33.1,,30
Croatia,HRV,EU,2006,-0.05,0.56,0.04,0.37,0.48,34,1.233,0.898,0.772,38,,30
Croatia,HRV,EU,2007,0.04,0.46,0.06,0.41,0.52,41,1.246,0.894,0.772,41.4,,30
Croatia,HRV,EU,2008,0.03,0.57,-0.05,0.41,0.47,44,1.254,0.907,0.772,44.2,,30
Croatia,HRV,EU,2009,0.04,0.59,-0.09,0.47,0.49,41,1.375,0.907,0.772,50.6,,30
Croatia,HRV,EU,2010,0.08,0.58,0.02,0.49,0.48,41,1.486,0.908,0.845,56.6,,40
Croatia,HRV,EU,2011,0.11,0.5,0.03,0.44,0.52,40,1.511,0.926,0.845,57.8,38,40
Croatia,HRV,EU,2012,0.15,0.68,-0.03,0.35,0.54,46,1.525,0.926,0.845,61.9,40.7,40
Croatia,HRV,EU,2013,0.18,0.68,0.11,0.37,0.51,48,1.432,0.886,0.822,66.7,42,40
Croatia,HRV,EU,2014,0.22,0.68,0.2,0.28,0.51,48,1.432,0.89,0.822,68.6,40.7,40
Croatia,HRV,EU,2015,0.13,0.46,0.2,0.24,0.56,51,1.42,0.874,0.822,69.8,41.7,40
Croatia,HRV,EU,2016,0.34,0.42,0.16,0.24,0.53,49,1.262,0.804,0.822,72.7,38.3,35
Croatia,HRV,EU,2017,0.31,0.54,0.06,0.3,0.48,49,1.252,0.771,0.824,67.1,39.8,66
Croatia,HRV,EU,2018,0.3,0.51,0.05,0.49,0.45,48,1.214,0.763,0.825,75.3,40.7,66
Croatia,HRV,EU,2019,0.35,0.46,0.05,0.55,0.45,47,1.228,0.775,0.831,79.1,37.8,66
Croatia,HRV,EU,2020,0.24,0.42,0.18,0.36,0.58,47,1.324,0.806,0.878,78.3,37.3,70
Croatia,HRV,EU,2021,0.28,0.55,0.04,0.49,0.6,47,1.318,0.814,0.876,81.3,37.3,68
Croatia,HRV,EU,2022,0.37,0.58,0.15,0.5,0.62,50,1.308,0.788,0.929,82.1,35.6,81
Croatia,HRV,EU,2023,0.36,0.71,0.18,0.64,0.57,50,1.286,0.79,0.892,83.2,37.07,80
Croatia,HRV,EU,2024,,,,,,47,1.176,0.8,0.833,,36.3,80
Croatia,HRV,EU,2025,,,,,,,,,,,37.7,81
Cyprus,CYP,EU,2000,1.02,1.07,1.08,1.09,1.06,,1.327,0.863,0.847,15.3,,70
Cyprus,CYP,EU,2001,,,,,,,1.348,0.855,0.847,18.8,,90
Cyprus,CYP,EU,2002,0.99,1.3,1.13,1.19,1.12,,1.349,0.855,0.847,28.3,,90
Cyprus,CYP,EU,2003,0.94,1.12,1.19,1.18,0.99,61,1.33,0.855,0.847,30.1,,90
Cyprus,CYP,EU,2004,0.91,1.11,0.87,1.22,0.95,54,1.386,0.874,0.891,33.8,,90
Cyprus,CYP,EU,2005,0.88,1.15,0.9,1.22,0.96,57,1.379,0.874,0.891,32.8,,90
Cyprus,CYP,EU,2006,1.09,1.26,1.09,1.28,1.05,56,1.417,0.874,0.891,35.8,,90
Cyprus,CYP,EU,2007,1.11,1.42,1.07,1.33,1.07,53,1.43,0.876,0.891,40.8,,90
Cyprus,CYP,EU,2008,1.21,1.52,1.19,1.37,1.08,64,1.43,0.876,0.891,42.3,,90
Cyprus,CYP,EU,2009,1.21,1.41,0.91,1.36,1.07,66,1.422,0.875,0.891,49.8,,90
Cyprus,CYP,EU,2010,1.21,1.53,0.97,1.42,1.02,63,1.435,0.899,0.891,53,,80
Cyprus,CYP,EU,2011,1.07,1.56,0.86,1.23,1.05,63,1.431,0.899,0.891,56.9,46.5,80
Cyprus,CYP,EU,2012,1.09,1.38,1.24,1.12,1.02,66,1.427,0.895,0.891,60.7,47.9,70
Cyprus,CYP,EU,2013,1.03,1.36,1.24,0.91,0.98,63,1.431,0.908,0.869,65.5,49.3,70
Cyprus,CYP,EU,2014,1.07,1.14,1.07,1.09,1.02,63,1.43,0.901,0.869,69.3,45.8,70
Cyprus,CYP,EU,2015,1.01,1.02,0.97,1.05,1.03,61,1.434,0.909,0.869,71.7,43.5,70
Cyprus,CYP,EU,2016,0.69,0.93,0.79,1.04,1.05,55,1.433,0.906,0.869,75.9,46.3,70
Cyprus,CYP,EU,2017,0.85,0.89,0.75,1.02,1.06,57,1.426,0.887,0.865,80.7,46.8,75
Cyprus,CYP,EU,2018,0.72,0.88,0.61,0.86,1.02,59,1.411,0.894,0.855,84.4,47.8,71
Cyprus,CYP,EU,2019,0.73,0.96,0.6,1,1.05,58,1.39,0.892,0.847,86.1,48.3,73
Cyprus,CYP,EU,2020,0.55,0.84,0.35,0.99,0.9,57,1.337,0.833,0.848,90.8,45.7,77
Cyprus,CYP,EU,2021,0.61,0.7,0.37,0.85,0.86,53,1.309,0.826,0.795,90.8,46.7,79
Cyprus,CYP,EU,2022,0.57,0.73,0.42,0.77,0.85,52,1.268,0.826,0.812,89.6,46.2,86
Cyprus,CYP,EU,2023,0.63,0.74,0.33,0.78,0.97,53,1.272,0.822,0.803,91.2,46.29,83
Cyprus,CYP,EU,2024,,,,,,56,1.276,0.806,0.824,,45.1,84
Cyprus,CYP,EU,2025,,,,,,,,,,,45.5,84
Czechia,CZE,EU,2000,0.61,0.59,0.15,0.74,0.76,,1.629,0.978,0.897,9.78,,70
Czechia,CZE,EU,2001,,,,,,39,1.628,0.978,0.897,14.7,,70
Czechia,CZE,EU,2002,0.86,0.92,0.36,1.11,1.02,37,1.69,0.977,0.897,23.9,,70
Czechia,CZE,EU,2003,0.87,0.85,0.49,1.14,1.01,39,1.697,0.977,0.897,34.3,,70
Czechia,CZE,EU,2004,0.76,0.86,0.38,1,0.95,42,1.703,0.98,0.897,35.5,,70
Czechia,CZE,EU,2005,0.86,0.91,0.48,1.11,0.91,43,1.701,0.98,0.897,35.3,,70
Czechia,CZE,EU,2006,0.86,1.08,0.35,1.11,0.96,48,1.727,0.98,0.897,47.9,,70
Czechia,CZE,EU,2007,0.88,0.85,0.32,1.05,1,52,1.716,0.98,0.897,51.9,,70
Czechia,CZE,EU,2008,0.9,0.95,0.34,1.22,1.03,52,1.715,0.98,0.902,63,,70
Czechia,CZE,EU,2009,0.96,0.87,0.38,1.31,1.03,49,1.698,0.98,0.904,64.4,,70
Czechia,CZE,EU,2010,0.93,0.9,0.38,1.3,1.01,46,1.716,0.98,0.89,68.8,,65
Czechia,CZE,EU,2011,1.02,0.92,0.38,1.2,1.02,44,1.709,0.98,0.886,70.5,47.3,65
Czechia,CZE,EU,2012,1.02,0.92,0.31,1.05,0.97,49,1.721,0.98,0.91,73.4,49.7,70
Czechia,CZE,EU,2013,1.02,0.92,0.3,1.08,0.98,48,1.613,0.954,0.907,74.1,48.4,70
Czechia,CZE,EU,2014,1.14,1.03,0.43,1,1.03,51,1.587,0.95,0.899,74.2,50.2,70
Czechia,CZE,EU,2015,1.11,1.03,0.47,1.08,1.04,56,1.582,0.95,0.899,75.7,51.3,75
Czechia,CZE,EU,2016,0.99,1.01,0.56,0.97,1.03,55,1.573,0.95,0.899,76.5,49.4,75
Czechia,CZE,EU,2017,1.09,1.03,0.57,1.22,0.88,57,1.483,0.951,0.86,78.7,51,70
Czechia,CZE,EU,2018,1.02,0.95,0.51,1.27,0.82,59,1.451,0.942,0.851,80.7,48.7,73
Czechia,CZE,EU,2019,1.02,0.92,0.53,1.24,0.83,56,1.415,0.937,0.851,80.9,49.4,75
Czechia,CZE,EU,2020,1.02,0.91,0.56,1.23,0.98,54,1.459,0.932,0.868,81.3,48.3,77
Czechia,CZE,EU,2021,1.09,1.07,0.62,1.34,1.01,54,1.466,0.903,0.85,82.7,49,76
Czechia,CZE,EU,2022,1.1,1.09,0.66,1.39,1.04,56,1.58,0.956,0.883,84.5,42.8,89
Czechia,CZE,EU,2023,1.14,1.11,0.77,1.3,1.08,57,1.625,0.954,0.876,86,44.83,89
Czechia,CZE,EU,2024,,,,,,56,1.634,0.959,0.953,,44,89
Czechia,CZE,EU,2025,,,,,,,,,,,42,90
Denmark,DNK,EU,2000,1.81,1.9,2.32,1.71,1.54,,1.99,0.992,0.989,39.2,,90
Denmark,DNK,EU,2001,,,,,,95,1.985,0.992,0.989,43,,90
Denmark,DNK,EU,2002,1.88,2.02,2.31,1.71,1.53,95,1.996,0.992,0.989,64.3,,90
Denmark,DNK,EU,2003,1.92,2.09,2.36,1.73,1.6,95,1.988,0.992,0.989,76.3,,90
Denmark,DNK,EU,2004,1.93,2.29,2.41,1.75,1.8,95,2.001,0.992,0.989,80.9,,90
Denmark,DNK,EU,2005,1.94,2.11,2.28,1.65,1.74,95,2.043,0.992,0.989,82.7,,90
Denmark,DNK,EU,2006,1.98,2.22,2.46,1.8,1.57,95,2.048,0.992,0.989,86.7,,90
Denmark,DNK,EU,2007,2,2.35,2.43,1.93,1.48,94,2.042,0.992,0.989,85,,90
Denmark,DNK,EU,2008,1.95,2.24,2.38,1.87,1.54,93,2.037,0.992,0.989,85,,90
Denmark,DNK,EU,2009,1.92,2.23,2.44,1.88,1.54,93,2.041,0.992,0.989,86.8,,95
Denmark,DNK,EU,2010,1.9,2.1,2.35,1.87,1.54,93,2.039,0.992,0.989,88.7,,90
Denmark,DNK,EU,2011,1.92,2.1,2.39,1.9,1.55,94,2.042,0.991,0.989,89.8,57,90
Denmark,DNK,EU,2012,1.88,1.99,2.38,1.8,1.67,90,2.039,0.992,0.989,92.3,59.9,90
Denmark,DNK,EU,2013,1.9,1.94,2.4,1.8,1.67,91,2.044,0.992,0.989,94.6,58.3,90
Denmark,DNK,EU,2014,2.1,1.78,2.25,1.68,1.52,92,2.041,0.992,0.989,96,57.5,90
Denmark,DNK,EU,2015,2.02,1.79,2.19,1.72,1.55,91,2.038,0.992,0.989,96.3,57.7,95
Denmark,DNK,EU,2016,1.88,1.82,2.2,1.56,1.54,90,2.034,0.988,0.989,97,58.5,95
Denmark,DNK,EU,2017,1.8,1.75,2.19,1.61,1.52,88,2.028,0.988,0.985,97.1,58.7,87
Denmark,DNK,EU,2018,1.77,1.81,2.16,1.63,1.57,88,2.029,0.988,0.985,97.3,58.4,85
Denmark,DNK,EU,2019,1.83,1.87,2.12,1.55,1.54,87,1.995,0.984,0.985,98,58.4,86
Denmark,DNK,EU,2020,1.81,1.84,2.24,1.79,1.51,88,2.023,0.988,0.987,96.5,57.5,86
Denmark,DNK,EU,2021,1.9,1.96,2.33,1.8,1.54,88,2.016,0.988,0.985,98.9,57.3,87
Denmark,DNK,EU,2022,1.9,1.99,2.4,1.84,1.59,90,2.027,0.988,0.987,97.9,55.9,99
Denmark,DNK,EU,2023,1.91,2.02,2.38,1.84,1.66,90,1.988,0.988,0.988,98.8,58.73,98
Denmark,DNK,EU,2024,,,,,,90,1.992,0.988,0.984,99.8,57.1,99
Denmark,DNK,EU,2025,,,,,,,,,,,56.9,99
Estonia,EST,EU,2000,0.59,0.69,0.84,1.27,0.99,,1.679,0.956,0.955,28.6,,70
Estonia,EST,EU,2001,,,,,,56,1.679,0.956,0.955,31.5,,70
Estonia,EST,EU,2002,0.79,0.67,0.74,1.26,1.07,56,1.693,0.956,0.955,41.5,,70
Estonia,EST,EU,2003,0.77,0.88,0.92,1.17,1.07,55,1.697,0.956,0.955,45.3,,70
Estonia,EST,EU,2004,0.88,0.9,0.98,1.23,1.09,60,1.71,0.956,0.955,53.2,,70
Estonia,EST,EU,2005,0.9,0.94,0.99,1.25,0.99,64,1.699,0.956,0.955,61.5,,70
Estonia,EST,EU,2006,1.13,1.15,1.01,1.29,1.07,67,1.709,0.956,0.955,63.5,,70
Estonia,EST,EU,2007,1.12,1.01,0.97,1.32,1.07,65,1.719,0.956,0.955,66.2,,90
Estonia,EST,EU,2008,1.16,1.16,0.95,1.39,1.09,66,1.725,0.955,0.955,70.6,,90
Estonia,EST,EU,2009,1.12,1,1,1.39,1.09,66,1.735,0.966,0.955,72.5,,90
Estonia,EST,EU,2010,1.15,1.08,0.99,1.39,1.11,65,1.804,0.974,0.955,74.1,,80
Estonia,EST,EU,2011,1.18,1.07,1.05,1.39,1.13,64,1.832,0.974,0.955,76.5,49.2,80
Estonia,EST,EU,2012,1.15,0.95,1.09,1.41,1.11,64,1.842,0.974,0.955,78.4,55.3,80
Estonia,EST,EU,2013,1.19,0.97,1.18,1.44,1.12,68,1.816,0.976,0.955,80,50.6,85
Estonia,EST,EU,2014,1.37,1.01,1.3,1.67,1.17,69,1.824,0.972,0.955,84.2,51.5,90
Estonia,EST,EU,2015,1.3,1.04,1.26,1.66,1.19,70,1.82,0.972,0.955,88.4,52.8,90
Estonia,EST,EU,2016,1.19,1.05,1.23,1.69,1.21,70,1.901,0.978,0.955,87.2,51.7,90
Estonia,EST,EU,2017,1.25,1.07,1.2,1.63,1.21,71,1.882,0.973,0.955,88.1,50.9,83
Estonia,EST,EU,2018,1.2,1.15,1.47,1.54,1.19,73,1.906,0.973,0.955,89.4,50.5,80
Estonia,EST,EU,2019,1.24,1.14,1.53,1.58,1.18,74,1.856,0.962,0.947,90.2,50,82
Estonia,EST,EU,2020,1.34,1.3,1.58,1.53,1.17,75,1.853,0.968,0.933,89.1,48.3,83
Estonia,EST,EU,2021,1.39,1.34,1.51,1.55,1.18,74,1.872,0.975,0.963,91,49.9,82
Estonia,EST,EU,2022,1.43,1.34,1.54,1.56,1.2,74,1.836,0.966,0.969,91.5,50.2,92
Estonia,EST,EU,2023,1.43,1.26,1.54,1.43,1.22,76,1.814,0.966,0.967,93.2,53.38,92
Estonia,EST,EU,2024,,,,,,76,1.819,0.966,0.968,,52.3,93
Estonia,EST,EU,2025,,,,,,,,,,,51.1,94
Finland,FIN,EU,2000,1.95,2.03,2.37,1.78,1.59,,1.881,0.985,0.971,37.2,,90
Finland,FIN,EU,2001,,,,,,99,1.872,0.985,0.971,43.1,,90
Finland,FIN,EU,2002,1.9,2.1,2.37,1.82,1.55,97,1.866,0.985,0.971,62.4,,90
Finland,FIN,EU,2003,1.96,2.19,2.37,1.83,1.57,97,1.87,0.985,0.971,69.2,,90
Finland,FIN,EU,2004,1.94,2.15,2.41,1.78,1.78,97,1.863,0.985,0.971,72.4,,90
Finland,FIN,EU,2005,1.95,2.12,2.31,1.66,1.69,96,1.871,0.985,0.971,74.5,,90
Finland,FIN,EU,2006,1.96,2.17,2.45,1.6,1.49,96,1.909,0.985,0.971,79.7,,90
Finland,FIN,EU,2007,1.9,1.97,2.39,1.55,1.46,94,1.903,0.985,0.971,80.8,,90
Finland,FIN,EU,2008,1.91,2.04,2.32,1.61,1.46,90,1.904,0.985,0.971,83.7,,90
Finland,FIN,EU,2009,1.96,2.23,2.24,1.81,1.47,89,1.904,0.985,0.971,82.5,,95
Finland,FIN,EU,2010,1.96,2.22,2.15,1.87,1.49,92,1.901,0.985,0.971,86.9,,90
Finland,FIN,EU,2011,1.94,2.24,2.19,1.81,1.51,94,1.874,0.985,0.971,88.7,57.5,90
Finland,FIN,EU,2012,1.94,2.21,2.23,1.82,1.6,90,1.883,0.985,0.971,89.9,61.8,90
Finland,FIN,EU,2013,1.96,2.18,2.2,1.84,1.57,89,1.911,0.985,0.981,91.5,59.5,90
Finland,FIN,EU,2014,2.12,2.03,2.16,1.88,1.54,89,1.916,0.985,0.981,86.5,60.7,90
Finland,FIN,EU,2015,2.05,1.84,2.22,1.83,1.54,90,1.799,0.969,0.978,86.4,60,90
Finland,FIN,EU,2016,2.01,1.84,2.19,1.81,1.53,89,1.8,0.969,0.978,87.7,59.9,90
Finland,FIN,EU,2017,2.02,1.98,2.16,1.81,1.56,85,1.83,0.977,0.978,87.5,58.5,91
Finland,FIN,EU,2018,2.03,2.01,2.17,1.78,1.59,85,1.868,0.984,0.983,88.9,59.6,89
Finland,FIN,EU,2019,2.01,1.97,2.11,1.84,1.56,86,1.836,0.979,0.978,89.6,59.8,90
Finland,FIN,EU,2020,2.02,1.9,2.17,1.85,1.61,85,1.837,0.983,0.981,92.2,57,92
Finland,FIN,EU,2021,2.01,1.92,2.24,1.89,1.61,88,1.82,0.975,0.981,92.8,58.4,92
Finland,FIN,EU,2022,1.96,1.75,2.25,1.78,1.61,87,1.775,0.979,0.976,93,56.9,100
Finland,FIN,EU,2023,1.97,1.74,2.22,1.77,1.63,87,1.746,0.97,0.983,93.5,61.2,100
Finland,FIN,EU,2024,,,,,,88,1.71,0.959,0.976,,59.4,100
Finland,FIN,EU,2025,,,,,,,,,,,57.7,100
France,FRA,EU,2000,1.43,1.64,1.32,0.91,1.18,,1.635,0.974,0.926,14.3,,70
France,FRA,EU,2001,,,,,,67,1.641,0.974,0.926,26.3,,70
France,FRA,EU,2002,1.21,1.54,1.19,0.98,1.15,63,1.63,0.974,0.926,30.2,,70
France,FRA,EU,2003,1.33,1.65,1.31,1.22,1.12,69,1.634,0.974,0.926,36.1,,70
France,FRA,EU,2004,1.43,1.76,1.31,1.22,1.46,71,1.634,0.974,0.926,39.2,,70
France,FRA,EU,2005,1.41,1.67,1.36,1.24,1.48,75,1.643,0.974,0.926,42.9,,70
France,FRA,EU,2006,1.46,1.63,1.46,1.24,1.3,74,1.639,0.974,0.926,46.9,,70
France,FRA,EU,2007,1.46,1.46,1.46,1.29,1.26,73,1.669,0.974,0.926,66.1,,70
France,FRA,EU,2008,1.5,1.57,1.4,1.28,1.3,69,1.696,0.974,0.926,70.7,,70
France,FRA,EU,2009,1.45,1.48,1.43,1.21,1.24,69,1.691,0.974,0.926,71.6,,70
France,FRA,EU,2010,1.5,1.46,1.49,1.31,1.2,68,1.69,0.974,0.926,77.3,,80
France,FRA,EU,2011,1.43,1.39,1.54,1.16,1.17,70,1.696,0.974,0.926,77.8,49.3,80
France,FRA,EU,2012,1.44,1.37,1.47,1.12,1.24,70,1.714,0.974,0.926,81.4,51.8,80
France,FRA,EU,2013,1.4,1.48,1.3,1.15,1.22,71,1.702,0.974,0.932,81.9,52.8,80
France,FRA,EU,2014,1.45,1.41,1.29,1.07,1.22,69,1.7,0.974,0.932,83.8,52.2,80
France,FRA,EU,2015,1.37,1.42,1.25,1.12,1.21,70,1.69,0.974,0.932,78,53.6,80
France,FRA,EU,2016,1.35,1.38,1.33,1.06,1.14,69,1.688,0.974,0.932,79.3,54,80
France,FRA,EU,2017,1.4,1.31,1.22,1.15,1.15,70,1.707,0.974,0.932,80.5,54.2,85
France,FRA,EU,2018,1.4,1.42,1.28,1.15,1.16,72,1.671,0.974,0.932,82,54.4,84
France,FRA,EU,2019,1.37,1.34,1.25,1.43,1.12,69,1.67,0.97,0.932,83.3,54.2,83
France,FRA,EU,2020,1.3,1.2,1.12,1.19,1.07,69,1.64,0.97,0.932,84.7,53.7,86
France,FRA,EU,2021,1.26,1.23,1.28,1.23,1.1,71,1.641,0.973,0.932,86.1,55,82
France,FRA,EU,2022,1.18,1.17,1.26,1.19,1.11,72,1.679,0.973,0.932,85.3,55,94
France,FRA,EU,2023,1.18,1.14,1.18,1.15,1.15,71,1.688,0.967,0.932,86.8,56.02,93
France,FRA,EU,2024,,,,,,67,1.651,0.967,0.932,,55.4,93
France,FRA,EU,2025,,,,,,,,,,,53.4,93
Germany,DEU,EU,2000,1.61,1.8,1.8,1.46,1.31,,2.023,0.986,0.952,30.2,,90
Germany,DEU,EU,2001,,,,,,74,2.03,0.986,0.952,31.7,,90
Germany,DEU,EU,2002,1.63,1.66,1.89,1.51,1.41,73,2.019,0.986,0.952,48.8,,90
Germany,DEU,EU,2003,1.64,1.36,1.88,1.5,1.41,77,2.011,0.986,0.952,55.9,,90
Germany,DEU,EU,2004,1.62,1.47,1.84,1.47,1.5,82,2.008,0.986,0.952,64.7,,90
Germany,DEU,EU,2005,1.65,1.5,1.88,1.52,1.49,82,2.049,0.986,0.952,68.7,,90
Germany,DEU,EU,2006,1.77,1.65,1.79,1.57,1.37,80,2.04,0.986,0.952,72.2,,90
Germany,DEU,EU,2007,1.76,1.63,1.73,1.62,1.34,78,2.039,0.986,0.952,75.2,,90
Germany,DEU,EU,2008,1.73,1.51,1.75,1.49,1.34,79,2.038,0.986,0.952,78,,90
Germany,DEU,EU,2009,1.65,1.58,1.75,1.52,1.33,80,2.035,0.986,0.952,79,,90
Germany,DEU,EU,2010,1.64,1.52,1.77,1.57,1.3,79,2.054,0.986,0.952,82,,90
Germany,DEU,EU,2011,1.62,1.5,1.74,1.55,1.35,80,2.056,0.986,0.952,81.3,54.9,90
Germany,DEU,EU,2012,1.67,1.53,1.82,1.53,1.39,79,2.05,0.983,0.952,82.4,56.2,90
Germany,DEU,EU,2013,1.64,1.51,1.8,1.54,1.41,78,1.966,0.983,0.952,84.2,55.8,90
Germany,DEU,EU,2014,1.85,1.66,1.81,1.7,1.44,79,1.966,0.983,0.952,86.2,56,90
Germany,DEU,EU,2015,1.76,1.66,1.78,1.71,1.42,81,1.945,0.976,0.952,87.6,57.1,90
Germany,DEU,EU,2016,1.58,1.66,1.78,1.81,1.36,81,1.953,0.976,0.952,84.2,57.9,90
Germany,DEU,EU,2017,1.57,1.61,1.8,1.78,1.43,81,1.931,0.971,0.919,84.4,58.4,83
Germany,DEU,EU,2018,1.59,1.52,1.9,1.76,1.44,80,1.883,0.973,0.919,87,58,81
Germany,DEU,EU,2019,1.58,1.5,1.87,1.71,1.35,80,1.885,0.973,0.919,88.1,58.2,80
Germany,DEU,EU,2020,1.52,1.31,1.83,1.58,1.37,80,1.872,0.965,0.919,89.8,56.5,81
Germany,DEU,EU,2021,1.57,1.29,1.78,1.63,1.42,80,1.827,0.965,0.919,91.4,57.3,79
Germany,DEU,EU,2022,1.53,1.29,1.82,1.52,1.41,79,1.816,0.952,0.919,91.6,57.2,96
Germany,DEU,EU,2023,1.55,1.19,1.66,1.46,1.46,78,1.829,0.952,0.95,92.5,58.76,95
Germany,DEU,EU,2024,,,,,,75,1.781,0.937,0.936,93.5,58.1,95
Germany,DEU,EU,2025,,,,,,,,,,,55.5,95
Greece,GRC,EU,2000,0.86,0.59,0.63,0.74,1.01,,1.645,0.971,0.863,9.14,,70
Greece,GRC,EU,2001,,,,,,42,1.694,0.971,0.863,10.9,,70
Greece,GRC,EU,2002,0.72,0.78,0.4,0.95,1.05,42,1.693,0.971,0.863,14.7,,50
Greece,GRC,EU,2003,0.79,0.7,0.36,0.99,1.16,43,1.698,0.971,0.863,17.8,,50
Greece,GRC,EU,2004,0.9,0.79,0.45,0.84,1.19,43,1.696,0.971,0.863,21.4,,50
Greece,GRC,EU,2005,0.78,0.71,0.35,0.96,1.1,43,1.69,0.971,0.863,24,,50
Greece,GRC,EU,2006,0.86,0.63,0.36,0.86,0.97,44,1.692,0.971,0.863,32.3,,50
Greece,GRC,EU,2007,0.86,0.55,0.26,0.89,0.98,46,1.748,0.972,0.863,35.9,,50
Greece,GRC,EU,2008,0.85,0.58,0.13,0.88,0.93,47,1.758,0.973,0.863,38.2,,50
Greece,GRC,EU,2009,0.65,0.62,0.06,0.83,0.89,38,1.756,0.972,0.863,42.4,,50
Greece,GRC,EU,2010,0.58,0.49,-0.06,0.64,0.9,35,1.781,0.972,0.843,44.4,,60
Greece,GRC,EU,2011,0.53,0.45,-0.1,0.49,0.82,34,1.79,0.973,0.846,51.7,34.2,50
Greece,GRC,EU,2012,0.39,0.28,-0.19,0.52,0.7,36,1.761,0.973,0.847,55.1,35.3,50
Greece,GRC,EU,2013,0.47,0.36,-0.08,0.63,0.69,40,1.719,0.962,0.866,59.9,37.7,40
Greece,GRC,EU,2014,0.37,0.3,-0.14,0.33,0.62,43,1.726,0.962,0.877,63.2,38.9,40
Greece,GRC,EU,2015,0.25,0.15,-0.12,0.39,0.65,46,1.677,0.956,0.84,66.8,40.3,40
Greece,GRC,EU,2016,0.11,0.12,-0.13,0.14,0.67,44,1.67,0.948,0.842,69.1,39.8,40
Greece,GRC,EU,2017,0.05,0.24,-0.11,0.22,0.66,48,1.658,0.937,0.842,69.9,38.8,53
Greece,GRC,EU,2018,0.11,0.26,-0.06,0.4,0.74,45,1.656,0.923,0.868,72.2,38.9,52
Greece,GRC,EU,2019,0.16,0.31,0.01,0.52,0.81,48,1.641,0.927,0.86,75.7,38.9,52
Greece,GRC,EU,2020,0.29,0.4,0.03,0.54,0.96,50,1.384,0.845,0.847,78.1,36.8,57
Greece,GRC,EU,2021,0.32,0.41,0.18,0.43,0.95,49,1.325,0.818,0.847,78.5,36.3,56
Greece,GRC,EU,2022,0.33,0.45,0.04,0.46,0.96,52,1.293,0.818,0.788,83.2,34.5,76
Greece,GRC,EU,2023,0.21,0.15,0.1,0.58,1.01,49,1.225,0.817,0.802,85,37.53,77
Greece,GRC,EU,2024,,,,,,49,1.238,0.842,0.789,,36.2,77
Greece,GRC,EU,2025,,,,,,,,,,,37.3,77
Hungary,HUN,EU,2000,0.83,1,0.72,1.04,1.14,,1.467,0.968,0.908,7,,70
Hungary,HUN,EU,2001,,,,,,53,1.468,0.968,0.908,14.5,,70
Hungary,HUN,EU,2002,0.87,0.99,0.57,1.26,1.16,49,1.479,0.975,0.908,16.7,,70
Hungary,HUN,EU,2003,0.81,0.83,0.64,1.12,1.17,48,1.498,0.974,0.908,21.6,,70
Hungary,HUN,EU,2004,0.85,0.8,0.67,1.17,1.15,48,1.493,0.974,0.908,27.7,,70
Hungary,HUN,EU,2005,0.84,0.75,0.63,1.05,1.18,50,1.481,0.974,0.881,39,,70
Hungary,HUN,EU,2006,0.98,0.84,0.63,1.2,1.02,52,1.406,0.962,0.904,47.1,,70
Hungary,HUN,EU,2007,0.94,0.69,0.6,1.21,1.04,53,1.492,0.97,0.904,53.3,,70
Hungary,HUN,EU,2008,0.91,0.7,0.43,1.17,0.97,51,1.506,0.97,0.904,61,,70
Hungary,HUN,EU,2009,0.77,0.67,0.4,1.08,0.91,51,1.513,0.97,0.893,62,,70
Hungary,HUN,EU,2010,0.77,0.64,0.3,1.01,0.89,47,1.276,0.905,0.831,65,,65
Hungary,HUN,EU,2011,0.76,0.65,0.33,1.03,0.84,46,1.2,0.875,0.814,68,48.1,65
Hungary,HUN,EU,2012,0.61,0.61,0.3,0.98,0.75,55,1.168,0.875,0.763,70.6,46.5,70
Hungary,HUN,EU,2013,0.58,0.68,0.29,0.9,0.74,54,1.036,0.82,0.739,72.6,46.9,65
Hungary,HUN,EU,2014,0.51,0.58,0.16,0.75,0.55,54,0.82,0.815,0.742,75.7,44.6,60
Hungary,HUN,EU,2015,0.38,0.51,0.12,0.75,0.56,51,0.789,0.78,0.742,72.8,43,55
Hungary,HUN,EU,2016,0.41,0.46,0.07,0.59,0.4,48,0.756,0.771,0.75,79.3,44.7,45
Hungary,HUN,EU,2017,0.54,0.48,0.09,0.64,0.54,45,0.666,0.721,0.747,76.8,41.7,60
Hungary,HUN,EU,2018,0.56,0.44,0.06,0.56,0.49,46,0.541,0.664,0.729,76.1,44.9,58
Hungary,HUN,EU,2019,0.5,0.45,0.03,0.59,0.34,44,0.531,0.647,0.713,80.4,44.5,61
Hungary,HUN,EU,2020,0.49,0.54,0.07,0.47,0.39,44,0.496,0.616,0.692,84.8,41.5,65
Hungary,HUN,EU,2021,0.51,0.6,0.01,0.49,0.4,43,0.479,0.614,0.693,88.6,42.7,66
Hungary,HUN,EU,2022,0.42,0.53,-0.1,0.41,0.43,42,0.467,0.604,0.618,89.1,39.8,76
Hungary,HUN,EU,2023,0.43,0.37,-0,0.32,0.36,42,0.445,0.596,0.632,91.5,41.34,70
Hungary,HUN,EU,2024,,,,,,41,0.434,0.598,0.616,91.5,39.6,70
Hungary,HUN,EU,2025,,,,,,,,,,,40,69
Ireland,IRL,EU,2000,1.54,1.59,1.38,1.78,1.41,,1.668,0.979,0.952,17.9,,90
Ireland,IRL,EU,2001,,,,,,75,1.68,0.979,0.952,23.1,,90
Ireland,IRL,EU,2002,1.6,1.57,1.37,1.72,1.27,69,1.673,0.979,0.952,25.9,,90
Ireland,IRL,EU,2003,1.48,1.5,1.41,1.58,1.28,75,1.678,0.979,0.952,34.3,,90
Ireland,IRL,EU,2004,1.51,1.52,1.27,1.57,1.48,75,1.674,0.979,0.952,37,,90
Ireland,IRL,EU,2005,1.58,1.73,1.58,1.49,1.62,74,1.671,0.979,0.952,41.6,,90
Ireland,IRL,EU,2006,1.71,1.53,1.7,1.84,1.4,74,1.674,0.979,0.952,54.8,,90
Ireland,IRL,EU,2007,1.73,1.55,1.74,1.85,1.4,75,1.732,0.98,0.952,61.2,,90
Ireland,IRL,EU,2008,1.7,1.49,1.74,1.91,1.42,77,1.736,0.98,0.952,65.3,,90
Ireland,IRL,EU,2009,1.74,1.33,1.75,1.7,1.35,80,1.732,0.98,0.952,67.4,,90
Ireland,IRL,EU,2010,1.76,1.34,1.68,1.62,1.32,80,1.74,0.98,0.952,69.9,,90
Ireland,IRL,EU,2011,1.75,1.45,1.56,1.59,1.31,75,1.758,0.98,0.952,74.9,54.1,90
Ireland,IRL,EU,2012,1.73,1.54,1.46,1.56,1.32,69,1.75,0.978,0.952,76.9,58.7,90
Ireland,IRL,EU,2013,1.71,1.5,1.65,1.57,1.31,72,1.75,0.979,0.952,78.2,57.9,90
Ireland,IRL,EU,2014,1.76,1.6,1.69,1.76,1.32,74,1.753,0.979,0.952,83.5,56.7,90
Ireland,IRL,EU,2015,1.73,1.52,1.67,1.81,1.33,75,1.761,0.979,0.952,83.5,59.1,85
Ireland,IRL,EU,2016,1.47,1.33,1.65,1.73,1.29,73,1.73,0.979,0.952,83.5,59,90
Ireland,IRL,EU,2017,1.38,1.27,1.53,1.58,1.29,74,1.757,0.979,0.957,84.1,58.1,86
Ireland,IRL,EU,2018,1.41,1.38,1.53,1.62,1.3,73,1.765,0.979,0.957,87,57.2,88
Ireland,IRL,EU,2019,1.35,1.26,1.46,1.59,1.3,74,1.744,0.975,0.957,87,56.1,86
Ireland,IRL,EU,2020,1.46,1.44,1.54,1.47,1.39,72,1.749,0.98,0.957,92,53,87
Ireland,IRL,EU,2021,1.49,1.46,1.62,1.55,1.42,74,1.8,0.98,0.957,96.4,50.7,86
Ireland,IRL,EU,2022,1.53,1.55,1.67,1.64,1.45,77,1.798,0.976,0.957,96.6,48.5,93
Ireland,IRL,EU,2023,1.63,1.59,1.58,1.75,1.48,77,1.804,0.976,0.957,96.5,50.42,93
Ireland,IRL,EU,2024,,,,,,77,1.779,0.976,0.957,,50,94
Ireland,IRL,EU,2025,,,,,,,,,,,50.4,94
Italy,ITA,EU,2000,0.84,0.72,0.7,0.79,1.04,,1.644,0.964,0.859,23.1,,70
Italy,ITA,EU,2001,,,,,,55,1.617,0.963,0.846,27.2,,70
Italy,ITA,EU,2002,0.74,0.75,0.52,0.9,1.04,52,1.619,0.96,0.859,28,,70
Italy,ITA,EU,2003,0.69,0.74,0.48,1.04,0.99,53,1.621,0.96,0.867,29,,70
Italy,ITA,EU,2004,0.59,0.63,0.36,1.08,1.18,48,1.626,0.96,0.867,33.2,,70
Italy,ITA,EU,2005,0.51,0.56,0.4,1,1.06,50,1.658,0.96,0.867,35,,70
Italy,ITA,EU,2006,0.38,0.36,0.48,0.98,1.06,49,1.72,0.962,0.878,38,,50
Italy,ITA,EU,2007,0.47,0.19,0.33,0.94,1.11,52,1.753,0.965,0.873,40.8,,50
Italy,ITA,EU,2008,0.45,0.27,0.26,0.97,1.03,48,1.68,0.957,0.855,44.5,,50
Italy,ITA,EU,2009,0.4,0.42,0.19,0.97,1.03,43,1.69,0.953,0.867,48.8,,50
Italy,ITA,EU,2010,0.45,0.47,0.28,0.89,0.96,39,1.694,0.949,0.875,53.7,,55
Italy,ITA,EU,2011,0.48,0.4,0.3,0.71,0.91,39,1.732,0.958,0.875,54.4,40.7,50
Italy,ITA,EU,2012,0.43,0.45,0.17,0.74,0.92,42,1.747,0.967,0.872,55.8,44.5,50
Italy,ITA,EU,2013,0.44,0.53,0.07,0.78,0.95,43,1.73,0.959,0.87,58.5,47.9,50
Italy,ITA,EU,2014,0.42,0.47,0.01,0.64,1,43,1.726,0.959,0.87,55.6,45.7,50
Italy,ITA,EU,2015,0.29,0.49,0.03,0.71,1.03,44,1.731,0.959,0.87,58.1,46.4,55
Italy,ITA,EU,2016,0.37,0.54,0.08,0.7,1.04,47,1.762,0.959,0.87,61.3,47.2,50
Italy,ITA,EU,2017,0.32,0.49,0.18,0.69,0.99,50,1.753,0.958,0.88,63.1,47,75
Italy,ITA,EU,2018,0.24,0.41,0.22,0.72,0.96,52,1.749,0.967,0.857,74.4,46.3,71
Italy,ITA,EU,2019,0.27,0.45,0.23,0.94,0.91,53,1.72,0.958,0.857,67.9,46.3,72
Italy,ITA,EU,2020,0.21,0.36,0.51,0.49,1.05,53,1.707,0.958,0.857,70.5,45.7,75
Italy,ITA,EU,2021,0.24,0.33,0.52,0.53,1.08,56,1.725,0.957,0.857,74.9,45.7,76
Italy,ITA,EU,2022,0.3,0.45,0.53,0.51,1.07,56,1.683,0.952,0.857,85.1,46.1,82
Italy,ITA,EU,2023,0.39,0.61,0.55,0.64,1.12,56,1.598,0.89,0.849,87,46.61,81
Italy,ITA,EU,2024,,,,,,54,1.556,0.876,0.772,,45.3,82
Italy,ITA,EU,2025,,,,,,,,,,,44.9,82
Latvia,LVA,EU,2000,0.15,0.21,-0.04,0.7,0.74,,1.412,0.956,0.922,6.32,,50
Latvia,LVA,EU,2001,,,,,,34,1.414,0.956,0.922,7.22,,50
Latvia,LVA,EU,2002,0.31,0.49,0.01,0.88,0.84,37,1.428,0.956,0.922,21.9,,50
Latvia,LVA,EU,2003,0.58,0.6,0.24,0.95,0.77,38,1.437,0.956,0.922,27,,50
Latvia,LVA,EU,2004,0.54,0.57,0.15,0.92,0.7,40,1.439,0.956,0.922,38.6,,50
Latvia,LVA,EU,2005,0.57,0.53,0.37,0.87,0.78,42,1.408,0.956,0.922,46,,50
Latvia,LVA,EU,2006,0.62,0.65,0.36,0.93,0.85,47,1.356,0.956,0.922,53.6,,50
Latvia,LVA,EU,2007,0.72,0.43,0.34,0.95,0.83,48,1.367,0.958,0.922,59.2,,50
Latvia,LVA,EU,2008,0.78,0.52,0.23,0.97,0.78,50,1.371,0.958,0.932,63.4,,55
Latvia,LVA,EU,2009,0.79,0.62,0.2,0.92,0.85,45,1.408,0.958,0.933,66.8,,55
Latvia,LVA,EU,2010,0.76,0.72,0.2,0.93,0.79,43,1.469,0.958,0.934,68.4,,55
Latvia,LVA,EU,2011,0.74,0.69,0.28,0.95,0.74,42,1.481,0.958,0.934,69.8,39.8,50
Latvia,LVA,EU,2012,0.78,0.83,0.24,1.01,0.78,49,1.483,0.956,0.938,73.1,47,50
Latvia,LVA,EU,2013,0.76,0.88,0.32,1.04,0.77,53,1.52,0.965,0.957,75.2,45.2,50
Latvia,LVA,EU,2014,0.87,0.95,0.41,1.17,0.85,55,1.552,0.967,0.954,75.8,44.8,50
Latvia,LVA,EU,2015,0.77,1.05,0.43,1.07,0.85,55,1.557,0.967,0.954,79.2,45.5,50
Latvia,LVA,EU,2016,0.93,0.97,0.4,1.07,0.84,57,1.548,0.964,0.954,79.8,44.3,50
Latvia,LVA,EU,2017,0.9,0.87,0.5,1.14,0.8,58,1.541,0.95,0.954,80.1,44.6,73
Latvia,LVA,EU,2018,0.92,1,0.3,1.13,0.79,58,1.509,0.963,0.963,83.6,43.2,68
Latvia,LVA,EU,2019,0.98,1.07,0.48,1.18,0.86,56,1.538,0.972,0.963,86.1,43.2,67
Latvia,LVA,EU,2020,0.92,0.84,0.69,1.18,0.87,57,1.508,0.961,0.963,88.9,41.1,72
Latvia,LVA,EU,2021,0.95,0.83,0.72,1.22,0.9,59,1.513,0.955,0.961,91.2,40,75
Latvia,LVA,EU,2022,0.92,0.69,0.69,1.17,0.94,59,1.553,0.938,0.945,91,36.5,89
Latvia,LVA,EU,2023,1.04,0.7,0.7,1.17,0.99,60,1.595,0.943,0.93,92.2,39.73,87
Latvia,LVA,EU,2024,,,,,,59,1.571,0.943,0.947,,36.4,88
Latvia,LVA,EU,2025,,,,,,,,,,,37.5,88
Lithuania,LTU,EU,2000,0.22,0.1,0.37,0.71,0.86,,1.5,0.93,0.963,6.43,,50
Lithuania,LTU,EU,2001,,,,,,48,1.509,0.922,0.963,7.18,,50
Lithuania,LTU,EU,2002,0.4,0.49,0.21,1.08,0.9,48,1.505,0.922,0.963,17.7,,50
Lithuania,LTU,EU,2003,0.49,0.73,0.35,1.04,0.92,47,1.484,0.922,0.954,25.9,,50
Lithuania,LTU,EU,2004,0.56,0.69,0.37,1.06,0.88,46,1.511,0.959,0.964,31.2,,50
Lithuania,LTU,EU,2005,0.58,0.76,0.31,0.94,0.9,48,1.531,0.959,0.964,36.2,,50
Lithuania,LTU,EU,2006,0.71,0.72,0.16,0.97,0.86,48,1.513,0.962,0.964,43.9,,50
Lithuania,LTU,EU,2007,0.69,0.66,0.1,1.01,0.89,48,1.529,0.962,0.964,49.9,,50
Lithuania,LTU,EU,2008,0.68,0.56,0.11,1.04,0.85,46,1.585,0.962,0.964,55.2,,50
Lithuania,LTU,EU,2009,0.72,0.69,0.23,0.95,0.9,49,1.591,0.967,0.964,59.8,,50
Lithuania,LTU,EU,2010,0.78,0.74,0.37,0.96,0.92,50,1.604,0.97,0.97,62.1,,55
Lithuania,LTU,EU,2011,0.77,0.7,0.32,0.93,0.86,48,1.597,0.966,0.97,63.6,38.5,60
Lithuania,LTU,EU,2012,0.84,0.83,0.39,1.12,0.93,54,1.567,0.966,0.97,67.2,44,60
Lithuania,LTU,EU,2013,0.83,0.83,0.42,1.15,0.94,57,1.565,0.957,0.974,68.5,41.4,60
Lithuania,LTU,EU,2014,0.94,0.98,0.55,1.19,0.96,58,1.577,0.943,0.974,72.1,41,60
Lithuania,LTU,EU,2015,0.98,1.15,0.58,1.26,0.97,61,1.584,0.953,0.974,71.4,42.3,60
Lithuania,LTU,EU,2016,1,1.03,0.68,1.12,1,59,1.532,0.948,0.974,74.4,41.8,65
Lithuania,LTU,EU,2017,0.96,0.93,0.52,1.15,0.99,59,1.486,0.893,0.972,77.6,41.2,73
Lithuania,LTU,EU,2018,0.92,1.03,0.47,1.09,0.9,59,1.479,0.91,0.967,79.7,,74
Lithuania,LTU,EU,2019,0.99,1.01,0.67,1.15,0.99,60,1.506,0.91,0.967,81.6,41.5,74
Lithuania,LTU,EU,2020,0.95,1.01,0.78,1.08,1,60,1.467,0.905,0.967,83.1,39.2,78
Lithuania,LTU,EU,2021,1.07,1.02,0.82,1.27,1.03,61,1.474,0.912,0.969,86.9,39.9,79
Lithuania,LTU,EU,2022,1.06,0.99,0.75,1.3,1.07,62,1.473,0.912,0.957,87.7,37.4,89
Lithuania,LTU,EU,2023,1.27,1.05,0.78,1.34,1.07,61,1.453,0.885,0.947,88.5,41.95,88
Lithuania,LTU,EU,2024,,,,,,63,1.452,0.908,0.94,,40.1,89
Lithuania,LTU,EU,2025,,,,,,,,,,,40.8,89
Luxembourg,LUX,EU,2000,1.82,1.89,1.98,1.85,1.51,,1.673,0.959,0.876,22.9,,90
Luxembourg,LUX,EU,2001,,,,,,87,1.675,0.959,0.876,36.2,,90
Luxembourg,LUX,EU,2002,1.87,1.98,2.01,1.86,1.41,90,1.686,0.959,0.876,39.8,,90
Luxembourg,LUX,EU,2003,1.83,1.86,1.64,1.79,1.53,87,1.681,0.959,0.876,54.6,,90
Luxembourg,LUX,EU,2004,1.84,1.88,1.82,1.78,1.67,84,1.674,0.959,0.876,65.9,,90
Luxembourg,LUX,EU,2005,1.82,1.77,1.65,1.64,1.58,85,1.681,0.959,0.876,70,,90
Luxembourg,LUX,EU,2006,1.69,1.57,1.87,1.67,1.55,86,1.679,0.959,0.876,72.5,,90
Luxembourg,LUX,EU,2007,1.75,1.59,1.96,1.74,1.54,84,1.677,0.959,0.876,78.9,,90
Luxembourg,LUX,EU,2008,1.79,1.62,1.96,1.66,1.55,83,1.681,0.959,0.876,82.2,,90
Luxembourg,LUX,EU,2009,1.82,1.74,1.96,1.64,1.56,82,1.694,0.959,0.876,87.3,,90
Luxembourg,LUX,EU,2010,1.84,1.72,2.04,1.67,1.57,85,1.708,0.959,0.876,90.6,,90
Luxembourg,LUX,EU,2011,1.82,1.74,2.15,1.86,1.6,85,1.707,0.959,0.876,90,52.7,90
Luxembourg,LUX,EU,2012,1.79,1.66,2.11,1.76,1.65,80,1.705,0.959,0.876,91.9,57.7,90
Luxembourg,LUX,EU,2013,1.81,1.62,2.12,1.77,1.63,80,1.716,0.959,0.876,93.8,56.6,90
Luxembourg,LUX,EU,2014,1.9,1.65,2.07,1.63,1.55,82,1.718,0.959,0.876,94.7,56.9,90
Luxembourg,LUX,EU,2015,1.84,1.69,2.05,1.65,1.55,81,1.719,0.959,0.876,96.4,59,90
Luxembourg,LUX,EU,2016,1.72,1.66,2.05,1.71,1.5,81,1.713,0.959,0.876,98.1,57.1,90
Luxembourg,LUX,EU,2017,1.7,1.65,1.94,1.68,1.52,82,1.717,0.959,0.876,97.4,56.4,86
Luxembourg,LUX,EU,2018,1.77,1.74,2.05,1.75,1.54,81,1.712,0.959,0.876,97.1,54.5,83
Luxembourg,LUX,EU,2019,1.75,1.7,2.07,1.69,1.49,80,1.716,0.959,0.876,97.1,53.5,83
Luxembourg,LUX,EU,2020,1.74,1.79,2.02,1.84,1.5,80,1.709,0.959,0.862,98.5,50.8,86
Luxembourg,LUX,EU,2021,1.75,1.68,1.84,1.91,1.5,81,1.7,0.959,0.862,98.7,49,86
Luxembourg,LUX,EU,2022,1.77,1.77,1.88,1.83,1.54,77,1.705,0.959,0.862,98.2,49.8,97
Luxembourg,LUX,EU,2023,1.75,1.91,1.93,1.93,1.63,78,1.7,0.959,0.87,99.3,50.6,97
Luxembourg,LUX,EU,2024,,,,,,81,1.664,0.959,0.87,98.8,49.1,97
Luxembourg,LUX,EU,2025,,,,,,,,,,,47.3,98
Malta,MLT,EU,2000,1.36,1.05,0.92,1.1,1.19,,1.2,0.892,0.752,13.1,,70
Malta,MLT,EU,2001,,,,,,,1.195,0.892,0.752,17.9,,90
Malta,MLT,EU,2002,1.47,1.05,0.77,1.06,1.17,,1.211,0.892,0.752,28.9,,90
Malta,MLT,EU,2003,1.54,0.88,0.92,1.15,1.34,,1.209,0.892,0.752,31.6,,90
Malta,MLT,EU,2004,1.31,0.78,0.83,1.12,1.37,68,1.203,0.892,0.752,34.6,,90
Malta,MLT,EU,2005,1.42,0.82,0.82,1.06,1.23,66,1.202,0.892,0.752,41.2,,90
Malta,MLT,EU,2006,1.56,1.02,1,1.11,1.2,64,1.206,0.892,0.752,40.4,,90
Malta,MLT,EU,2007,1.61,1.2,1.02,1.14,1.24,58,1.185,0.892,0.752,46.9,,90
Malta,MLT,EU,2008,1.61,1.27,0.99,1.2,1.25,58,1.245,0.879,0.752,50.1,,90
Malta,MLT,EU,2009,1.47,1.17,0.77,1.36,1.15,52,1.279,0.888,0.752,58.9,,90
Malta,MLT,EU,2010,1.41,1.19,0.78,1.43,1.17,56,1.288,0.888,0.752,63,,80
Malta,MLT,EU,2011,1.28,1.19,0.76,1.33,1.14,56,1.28,0.888,0.752,68,,70
Malta,MLT,EU,2012,1.34,1.24,0.94,1.32,1.17,57,1.269,0.887,0.752,68.2,56.1,70
Malta,MLT,EU,2013,1.33,1.25,0.98,1.29,1.16,56,1.2,0.831,0.752,68.9,51.8,75
Malta,MLT,EU,2014,1.19,1.02,0.85,1.08,1.18,55,1.175,0.812,0.752,73.1,50.4,75
Malta,MLT,EU,2015,1.11,0.82,0.86,1.15,1.2,56,1.178,0.812,0.752,76,50.5,75
Malta,MLT,EU,2016,0.97,0.92,0.68,1.14,1.2,55,1.173,0.798,0.752,78.1,50.4,70
Malta,MLT,EU,2017,1.11,0.97,0.7,1.27,1.17,56,1.129,0.793,0.752,81,50.6,68
Malta,MLT,EU,2018,1.02,0.93,0.55,1.33,1.1,54,1.105,0.793,0.752,81.7,50.3,68
Malta,MLT,EU,2019,0.92,0.82,0.21,0.94,1.08,54,1.145,0.793,0.741,85.8,49,70
Malta,MLT,EU,2020,0.88,0.99,0.34,1.21,1.12,53,1.186,0.793,0.828,86.9,46.4,71
Malta,MLT,EU,2021,0.84,0.85,0.29,0.8,1.07,54,1.21,0.815,0.828,87.5,47.1,68
Malta,MLT,EU,2022,0.79,0.8,0.24,0.67,1.08,51,1.219,0.818,0.828,91.5,49.1,88
Malta,MLT,EU,2023,0.7,0.4,0.11,0.69,0.91,51,1.23,0.818,0.828,92.1,49.08,87
Malta,MLT,EU,2024,,,,,,46,1.228,0.827,0.828,,44.8,86
Malta,MLT,EU,2025,,,,,,,,,,,45.3,86
Netherlands,NLD,EU,2000,1.74,1.98,2.14,2.03,1.54,,1.684,0.961,0.95,44,,90
Netherlands,NLD,EU,2001,,,,,,,1.679,0.961,0.95,49.4,,90
Netherlands,NLD,EU,2002,1.71,1.93,2.07,1.82,1.47,,1.668,0.965,0.95,61.3,,90
Netherlands,NLD,EU,2003,1.71,1.95,2,1.72,1.53,,1.684,0.965,0.95,64.4,,90
Netherlands,NLD,EU,2004,1.74,2.07,1.98,1.77,1.7,,1.691,0.965,0.95,68.5,,90
Netherlands,NLD,EU,2005,1.75,1.94,1.96,1.65,1.67,,1.684,0.965,0.95,81,,90
Netherlands,NLD,EU,2006,1.77,1.78,2.04,1.68,1.54,,1.754,0.965,0.95,83.7,,90
Netherlands,NLD,EU,2007,1.77,1.72,2.16,1.8,1.52,,1.745,0.965,0.95,85.8,,90
Netherlands,NLD,EU,2008,1.75,1.69,2.1,1.78,1.48,,1.749,0.965,0.95,87.4,,90
Netherlands,NLD,EU,2009,1.81,1.74,2.12,1.7,1.46,,1.749,0.965,0.95,89.6,,90
Netherlands,NLD,EU,2010,1.81,1.77,2.09,1.73,1.45,,1.762,0.957,0.95,90.7,,90
Netherlands,NLD,EU,2011,1.81,1.82,2.08,1.8,1.54,,1.785,0.957,0.95,91.4,56.3,90
Netherlands,NLD,EU,2012,1.85,1.84,2.09,1.75,1.61,,1.76,0.949,0.95,92.9,60.5,90
Netherlands,NLD,EU,2013,1.83,1.81,2.02,1.76,1.57,83,1.766,0.953,0.95,94,61.1,90
Netherlands,NLD,EU,2014,1.97,1.84,1.96,1.76,1.55,83,1.78,0.953,0.95,91.7,60.6,90
Netherlands,NLD,EU,2015,1.91,1.83,1.83,1.79,1.56,87,1.775,0.953,0.95,91.7,61.6,90
Netherlands,NLD,EU,2016,1.85,1.82,1.86,1.96,1.54,83,1.778,0.953,0.95,90.4,58.3,90
Netherlands,NLD,EU,2017,1.76,1.81,1.75,2.04,1.5,82,1.775,0.952,0.962,93.2,63.4,87
Netherlands,NLD,EU,2018,1.74,1.81,1.89,2.01,1.5,82,1.786,0.948,0.952,91.9,63.3,88
Netherlands,NLD,EU,2019,1.73,1.77,1.87,1.85,1.48,82,1.726,0.923,0.963,93.3,61.4,88
Netherlands,NLD,EU,2020,1.71,1.81,2,1.75,1.52,82,1.704,0.92,0.968,91.3,58.8,90
Netherlands,NLD,EU,2021,1.7,1.73,2,1.74,1.49,82,1.704,0.924,0.961,92.1,58.6,89
Netherlands,NLD,EU,2022,1.66,1.58,1.92,1.71,1.55,80,1.693,0.912,0.957,92.5,58,96
Netherlands,NLD,EU,2023,1.64,1.63,1.87,1.79,1.56,79,1.666,0.882,0.957,97,60.39,96
Netherlands,NLD,EU,2024,,,,,,78,1.592,0.844,0.947,,58.8,96
Netherlands,NLD,EU,2025,,,,,,,,,,,57,96
Poland,POL,EU,2000,0.63,0.57,0.7,0.7,1.08,,1.714,0.966,0.965,7.29,,70
Poland,POL,EU,2001,,,,,,41,1.721,0.966,0.965,9.9,,70
Poland,POL,EU,2002,0.67,0.45,0.38,0.65,1.09,40,1.724,0.966,0.965,21.2,,70
Poland,POL,EU,2003,0.51,0.51,0.4,0.69,1.01,36,1.714,0.966,0.965,24.9,,70
Poland,POL,EU,2004,0.42,0.44,0.11,0.76,1.02,35,1.712,0.966,0.965,32.5,,50
Poland,POL,EU,2005,0.47,0.45,0.25,0.81,0.94,34,1.751,0.966,0.965,38.8,,50
Poland,POL,EU,2006,0.38,0.33,0.26,0.7,0.8,37,1.705,0.957,0.959,44.6,,50
Poland,POL,EU,2007,0.41,0.36,0.28,0.77,0.88,42,1.684,0.957,0.959,48.6,,50
Poland,POL,EU,2008,0.55,0.46,0.45,0.84,0.95,46,1.755,0.979,0.963,53.1,,50
Poland,POL,EU,2009,0.65,0.52,0.44,0.98,1.03,50,1.76,0.979,0.963,59,,50
Poland,POL,EU,2010,0.71,0.63,0.51,1.02,1.04,53,1.773,0.978,0.964,62.3,,55
Poland,POL,EU,2011,0.79,0.6,0.56,0.96,1.03,55,1.768,0.978,0.964,62,38,60
Poland,POL,EU,2012,0.82,0.66,0.66,1,1.06,58,1.758,0.978,0.964,62.3,40.4,60
Poland,POL,EU,2013,0.84,0.66,0.65,1.05,1,60,1.772,0.975,0.961,62.8,40.1,60
Poland,POL,EU,2014,0.87,0.77,0.68,1.06,1.11,61,1.694,0.975,0.957,66.6,40.6,60
Poland,POL,EU,2015,0.8,0.74,0.69,0.95,1.04,62,1.627,0.965,0.874,68,40.2,60
Poland,POL,EU,2016,0.59,0.65,0.76,0.91,0.84,62,1.26,0.745,0.783,73.3,40.2,65
Poland,POL,EU,2017,0.4,0.55,0.7,0.81,0.78,60,1.118,0.709,0.69,76,42,61
Poland,POL,EU,2018,0.38,0.55,0.62,0.87,0.71,60,1.094,0.709,0.595,77.5,41.7,62
Poland,POL,EU,2019,0.39,0.51,0.61,1.01,0.67,58,0.899,0.704,0.572,80.4,41.3,62
Poland,POL,EU,2020,0.52,0.32,0.62,0.85,0.62,56,0.802,0.707,0.57,83.2,40,63
Poland,POL,EU,2021,0.43,0.25,0.55,0.83,0.58,56,0.785,0.641,0.542,85.4,39.9,63
Poland,POL,EU,2022,0.43,0.26,0.51,0.72,0.6,55,0.775,0.616,0.57,86.9,37.5,72
Poland,POL,EU,2023,0.46,0.42,0.57,0.78,0.63,54,0.873,0.665,0.567,86.4,37.75,73
Poland,POL,EU,2024,,,,,,53,1.212,0.933,0.774,,37,72
Poland,POL,EU,2025,,,,,,,,,,,37.7,72
Portugal,PRT,EU,2000,1.2,0.97,1.15,0.92,1.36,,1.672,0.978,0.953,16.4,,70
Portugal,PRT,EU,2001,,,,,,63,1.672,0.978,0.953,18.1,,70
Portugal,PRT,EU,2002,1.31,1.15,1.22,1.25,1.3,63,1.71,0.978,0.953,19.4,,70
Portugal,PRT,EU,2003,1.28,1.11,1.12,1.22,1.41,66,1.71,0.978,0.953,29.7,,70
Portugal,PRT,EU,2004,1.23,1.04,1.13,1.19,1.46,63,1.708,0.978,0.953,31.8,,70
Portugal,PRT,EU,2005,1.22,1.05,1.06,1.28,1.43,65,1.788,0.978,0.953,35,,70
Portugal,PRT,EU,2006,0.98,0.87,1.01,1.06,1.23,66,1.784,0.978,0.953,38,,70
Portugal,PRT,EU,2007,1,0.89,1.03,1.08,1.23,65,1.793,0.978,0.953,42.1,,70
Portugal,PRT,EU,2008,1.01,1.08,1.06,1.1,1.2,61,1.791,0.978,0.953,44.1,,70
Portugal,PRT,EU,2009,1.06,1.15,1.09,0.99,1.13,58,1.803,0.978,0.953,48.3,,70
Portugal,PRT,EU,2010,1.03,0.98,1.06,0.72,1.11,60,1.807,0.977,0.949,53.3,,70
Portugal,PRT,EU,2011,1,0.92,1.08,0.62,1.11,61,1.753,0.974,0.953,55.3,42.4,70
Portugal,PRT,EU,2012,1.04,1,0.96,0.82,1.03,63,1.764,0.974,0.957,60.3,45.3,70
Portugal,PRT,EU,2013,1.04,1.19,0.91,0.8,1.07,62,1.763,0.967,0.955,62.1,45.1,70
Portugal,PRT,EU,2014,1.12,0.98,0.91,0.75,1.11,63,1.754,0.967,0.955,64.6,45.6,70
Portugal,PRT,EU,2015,1.1,1.16,0.89,0.94,1.13,63,1.762,0.977,0.961,68.6,46.6,70
Portugal,PRT,EU,2016,1.04,1.15,0.86,0.83,1.16,62,1.747,0.977,0.953,70.4,46.4,70
Portugal,PRT,EU,2017,1.1,1.29,0.82,0.9,1.2,63,1.827,0.981,0.972,73.8,46.1,73
Portugal,PRT,EU,2018,1.11,1.18,0.81,0.87,1.18,64,1.83,0.981,0.97,74.7,45.7,69
Portugal,PRT,EU,2019,1.11,1.13,0.75,0.96,1.19,62,1.745,0.982,0.97,75.3,44.6,72
Portugal,PRT,EU,2020,1.16,0.98,0.72,0.82,1.26,61,1.718,0.974,0.928,78.3,43.5,75
Portugal,PRT,EU,2021,1.11,0.95,0.74,0.72,1.25,62,1.729,0.978,0.94,82.3,44.2,74
Portugal,PRT,EU,2022,1.11,1,0.73,0.76,1.26,62,1.534,0.964,0.941,84.5,42.1,90
Portugal,PRT,EU,2023,1.07,0.99,0.7,0.76,1.21,61,1.497,0.951,0.941,85.8,44.88,90
Portugal,PRT,EU,2024,,,,,,57,1.511,0.9,0.945,,43.7,89
Portugal,PRT,EU,2025,,,,,,,,,,,43.9,90
Romania,ROU,EU,2000,-0.18,-0.26,-0.51,-0.1,0.47,,0.975,0.877,0.509,3.61,,30
Romania,ROU,EU,2001,,,,,,28,0.885,0.842,0.509,4.54,,30
Romania,ROU,EU,2002,-0.27,-0.2,-0.44,0.05,0.39,26,0.892,0.842,0.524,6.58,,30
Romania,ROU,EU,2003,-0.21,-0.28,-0.41,-0.05,0.3,28,0.912,0.842,0.556,8.9,,30
Romania,ROU,EU,2004,-0.19,-0.17,-0.32,0.18,0.37,29,0.838,0.834,0.613,15,,30
Romania,ROU,EU,2005,-0.15,-0.29,-0.26,0.24,0.41,30,1.007,0.88,0.706,21.5,,30
Romania,ROU,EU,2006,-0.13,-0.19,-0.21,0.44,0.52,31,1.007,0.88,0.706,24.7,,30
Romania,ROU,EU,2007,-0.11,-0.35,-0.23,0.51,0.5,37,1.01,0.88,0.777,28.3,,30
Romania,ROU,EU,2008,-0.02,-0.36,-0.19,0.6,0.51,38,1.11,0.88,0.778,32.4,,30
Romania,ROU,EU,2009,0.05,-0.36,-0.31,0.62,0.46,38,1.117,0.88,0.783,36.6,,35
Romania,ROU,EU,2010,0.11,-0.11,-0.35,0.67,0.43,37,1.155,0.901,0.791,39.9,,40
Romania,ROU,EU,2011,0.1,-0.19,-0.33,0.69,0.38,36,1.162,0.901,0.791,40,36.8,40
Romania,ROU,EU,2012,0.09,-0.17,-0.38,0.56,0.32,44,1.117,0.897,0.769,45.9,37.8,40
Romania,ROU,EU,2013,0.19,0.13,-0.3,0.63,0.31,43,1.157,0.892,0.875,49.8,40.3,40
Romania,ROU,EU,2014,0.24,0.22,-0.22,0.6,0.43,43,1.189,0.892,0.902,54.1,38.1,40
Romania,ROU,EU,2015,0.2,0.1,-0.17,0.57,0.49,46,1.227,0.903,0.913,55.8,38.2,40
Romania,ROU,EU,2016,0.45,-0.07,-0.18,0.57,0.54,48,1.319,0.92,0.916,59.5,37.9,35
Romania,ROU,EU,2017,0.44,-0.08,-0.14,0.43,0.6,48,0.967,0.809,0.752,63.7,39.2,64
Romania,ROU,EU,2018,0.37,-0.18,-0.23,0.41,0.53,47,0.918,0.79,0.534,70.7,37.6,61
Romania,ROU,EU,2019,0.42,-0.22,-0.24,0.44,0.52,44,1.145,0.843,0.588,73.7,36.8,67
Romania,ROU,EU,2020,0.37,-0.29,-0.1,0.35,0.59,44,1.219,0.894,0.846,78.5,36,73
Romania,ROU,EU,2021,0.38,-0.16,-0.06,0.29,0.59,45,1.19,0.915,0.784,83.6,35.6,69
Romania,ROU,EU,2022,0.4,-0,0.02,0.36,0.57,46,1.046,0.843,0.793,85.5,34.1,81
Romania,ROU,EU,2023,0.44,-0.09,0.04,0.32,0.5,46,0.97,0.845,0.706,89.2,34.66,81
Romania,ROU,EU,2024,,,,,,46,0.73,0.835,0.648,,33.4,81
Romania,ROU,EU,2025,,,,,,,,,,,34.3,82
Slovakia,SVK,EU,2000,0.3,0.67,0.22,0.58,0.85,,1.472,0.94,0.878,9.43,,50
Slovakia,SVK,EU,2001,,,,,,37,1.462,0.94,0.878,12.5,,50
Slovakia,SVK,EU,2002,0.29,0.54,-0.05,0.9,0.98,37,1.468,0.94,0.878,40.1,,50
Slovakia,SVK,EU,2003,0.33,0.67,0.28,0.91,0.93,37,1.461,0.94,0.878,43,,50
Slovakia,SVK,EU,2004,0.46,0.82,0.34,1.08,0.95,40,1.467,0.94,0.878,52.9,,50
Slovakia,SVK,EU,2005,0.49,0.88,0.45,1.13,0.9,43,1.47,0.94,0.878,55.2,,50
Slovakia,SVK,EU,2006,0.49,0.83,0.38,1.08,0.93,47,1.44,0.932,0.878,56.1,,50
Slovakia,SVK,EU,2007,0.43,0.69,0.3,0.97,0.95,49,1.444,0.924,0.867,61.8,,50
Slovakia,SVK,EU,2008,0.53,0.85,0.31,1.08,0.94,50,1.445,0.924,0.858,66.1,,50
Slovakia,SVK,EU,2009,0.53,0.86,0.27,1.05,0.88,45,1.45,0.922,0.858,70,,50
Slovakia,SVK,EU,2010,0.56,0.78,0.25,1,0.91,43,1.498,0.941,0.864,75.7,,55
Slovakia,SVK,EU,2011,0.6,0.78,0.23,1,0.97,40,1.52,0.947,0.857,74.4,39.1,50
Slovakia,SVK,EU,2012,0.49,0.78,0.07,1.04,0.97,46,1.495,0.94,0.845,76.7,41.4,50
Slovakia,SVK,EU,2013,0.46,0.73,0.05,0.93,0.96,47,1.457,0.926,0.845,77.9,42.3,50
Slovakia,SVK,EU,2014,0.49,0.79,0.12,0.89,0.96,50,1.45,0.926,0.843,80,41.9,50
Slovakia,SVK,EU,2015,0.47,0.74,0.11,0.77,0.97,51,1.464,0.937,0.832,77.6,43,50
Slovakia,SVK,EU,2016,0.6,0.79,0.15,0.88,0.96,51,1.473,0.937,0.838,80.5,41.7,50
Slovakia,SVK,EU,2017,0.51,0.67,0.1,0.81,0.91,50,1.469,0.937,0.848,81.6,43.4,69
Slovakia,SVK,EU,2018,0.47,0.58,0.23,0.8,0.85,50,1.416,0.869,0.84,80.4,42.9,68
Slovakia,SVK,EU,2019,0.5,0.55,0.19,1,0.86,50,1.539,0.938,0.865,82.9,42,69
Slovakia,SVK,EU,2020,0.66,0.5,0.42,0.77,0.88,49,1.565,0.938,0.907,89.9,39.7,73
Slovakia,SVK,EU,2021,0.68,0.49,0.21,0.87,0.9,52,1.566,0.956,0.898,88.9,40.2,72
Slovakia,SVK,EU,2022,0.62,0.38,0.21,0.85,0.89,53,1.535,0.956,0.911,89.1,34.3,83
Slovakia,SVK,EU,2023,0.6,0.23,0.29,0.6,0.91,54,1.464,0.936,0.904,87.2,36.21,84
Slovakia,SVK,EU,2024,,,,,,49,1.124,0.797,0.79,89.8,34.3,85
Slovakia,SVK,EU,2025,,,,,,,,,,,35.5,84
Slovenia,SVN,EU,2000,0.97,0.67,0.83,0.67,1.11,,1.503,0.954,0.86,15.1,,70
Slovenia,SVN,EU,2001,,,,,,52,1.502,0.954,0.86,30.2,,70
Slovenia,SVN,EU,2002,0.88,0.79,0.77,0.85,1.13,60,1.528,0.954,0.86,27.8,,50
Slovenia,SVN,EU,2003,0.85,0.9,0.9,0.88,1.12,59,1.514,0.954,0.832,31.9,,50
Slovenia,SVN,EU,2004,0.91,0.9,1.02,0.84,1.11,60,1.484,0.914,0.834,40.8,,50
Slovenia,SVN,EU,2005,0.88,0.89,0.9,0.88,1.09,61,1.476,0.914,0.84,46.8,,50
Slovenia,SVN,EU,2006,0.9,0.95,1.03,0.79,1.07,64,1.48,0.919,0.84,54,,50
Slovenia,SVN,EU,2007,0.95,0.89,1.01,0.8,1.06,66,1.513,0.925,0.84,56.7,,50
Slovenia,SVN,EU,2008,1.01,1.11,0.94,0.85,1.02,67,1.498,0.921,0.842,58,,50
Slovenia,SVN,EU,2009,1.07,1.14,1.05,0.91,1.06,66,1.649,0.963,0.871,64,,60
Slovenia,SVN,EU,2010,1,1.01,0.92,0.76,1.05,64,1.642,0.957,0.876,70,,60
Slovenia,SVN,EU,2011,1.05,0.98,0.94,0.69,1.06,59,1.618,0.95,0.876,67.3,45.1,60
Slovenia,SVN,EU,2012,1.01,1.02,0.83,0.63,1,61,1.582,0.92,0.86,68.4,49.9,60
Slovenia,SVN,EU,2013,0.99,1,0.72,0.62,1,57,1.608,0.924,0.872,72.7,47.3,60
Slovenia,SVN,EU,2014,1,1,0.72,0.66,0.96,58,1.595,0.952,0.895,71.6,47.2,60
Slovenia,SVN,EU,2015,0.95,0.94,0.74,0.61,0.99,60,1.643,0.956,0.896,73.1,48.5,60
Slovenia,SVN,EU,2016,1.05,1.09,0.78,0.63,1.01,61,1.623,0.94,0.896,75.5,46,60
Slovenia,SVN,EU,2017,0.99,1.13,0.78,0.56,1.01,61,1.562,0.933,0.896,78.9,45.8,75
Slovenia,SVN,EU,2018,1.02,1.08,0.84,0.64,0.97,60,1.5,0.926,0.896,79.8,46.9,77
Slovenia,SVN,EU,2019,1.09,1.04,0.89,1,0.98,60,1.477,0.918,0.908,83.1,45.3,76
Slovenia,SVN,EU,2020,1.04,1.12,0.78,0.91,0.93,60,1.283,0.779,0.871,86.6,42.9,77
Slovenia,SVN,EU,2021,1,1.14,0.69,0.82,0.9,57,1.152,0.694,0.86,89,44.1,77
Slovenia,SVN,EU,2022,0.97,1.07,0.77,0.69,0.98,56,1.446,0.864,0.881,88.9,40.6,90
Slovenia,SVN,EU,2023,1.04,1.04,0.78,0.73,1.08,56,1.304,0.824,0.775,90.4,42.24,89
Slovenia,SVN,EU,2024,,,,,,60,1.238,0.731,0.775,,40.2,88
Slovenia,SVN,EU,2025,,,,,,,,,,,40.1,88
Spain,ESP,EU,2000,1.41,1.69,1.33,1.24,1.28,,1.729,0.961,0.969,13.6,,70
Spain,ESP,EU,2001,,,,,,70,1.733,0.961,0.969,18.1,,70
Spain,ESP,EU,2002,1.23,1.79,1.32,1.33,1.27,71,1.728,0.961,0.969,20.4,,70
Spain,ESP,EU,2003,1.25,1.82,1.35,1.3,1.27,69,1.717,0.961,0.969,39.9,,70
Spain,ESP,EU,2004,1.13,1.33,1.34,1.31,1.32,71,1.739,0.961,0.969,44,,70
Spain,ESP,EU,2005,1.12,1.5,1.33,1.3,1.13,70,1.738,0.961,0.969,47.9,,70
Spain,ESP,EU,2006,1.12,0.83,1.18,1.18,1.08,68,1.744,0.961,0.969,50.4,,70
Spain,ESP,EU,2007,1.15,0.99,1.08,1.22,1.12,67,1.734,0.961,0.969,55.1,,70
Spain,ESP,EU,2008,1.18,0.91,1.18,1.25,1.19,65,1.789,0.961,0.969,59.6,,70
Spain,ESP,EU,2009,1.16,0.94,1.05,1.19,1.18,61,1.788,0.961,0.969,62.4,,70
Spain,ESP,EU,2010,1.16,0.94,1.16,1.16,1.12,61,1.802,0.961,0.969,65.8,,70
Spain,ESP,EU,2011,1.17,0.97,1.16,1.06,1.09,62,1.795,0.961,0.965,67.1,43.8,70
Spain,ESP,EU,2012,1.04,1.06,1.17,0.95,1.06,65,1.723,0.956,0.937,69.8,47.2,70
Spain,ESP,EU,2013,1.03,1.17,0.93,0.93,0.99,59,1.636,0.954,0.932,71.6,49.4,70
Spain,ESP,EU,2014,0.97,1.17,0.69,0.75,0.99,60,1.632,0.954,0.932,76.2,49.3,70
Spain,ESP,EU,2015,0.89,1.16,0.63,0.79,1.04,58,1.531,0.916,0.932,78.7,49.1,70
Spain,ESP,EU,2016,0.97,1.09,0.57,1,1.04,58,1.568,0.916,0.944,80.6,49.2,70
Spain,ESP,EU,2017,1.02,1,0.51,0.93,1.02,57,1.535,0.912,0.942,84.6,48.8,71
Spain,ESP,EU,2018,0.98,0.97,0.61,0.94,1.03,58,1.587,0.922,0.947,86.1,48.7,73
Spain,ESP,EU,2019,0.99,0.97,0.67,1.04,1.04,62,1.713,0.926,0.966,90.7,47.9,73
Spain,ESP,EU,2020,0.86,0.85,0.71,0.76,1,62,1.656,0.918,0.966,93.2,45.6,75
Spain,ESP,EU,2021,0.84,0.91,0.72,0.8,1,61,1.604,0.908,0.975,93.9,45.4,76
Spain,ESP,EU,2022,0.8,0.92,0.69,0.8,1.02,60,1.661,0.925,0.953,94.5,44.6,88
Spain,ESP,EU,2023,0.82,0.75,0.63,0.69,1.19,60,1.56,0.915,0.944,95.4,45.93,87
Spain,ESP,EU,2024,,,,,,56,1.584,0.894,0.94,,44.9,87
Spain,ESP,EU,2025,,,,,,,,,,,44.6,87
Sweden,SWE,EU,2000,1.8,1.88,2.23,1.35,1.57,,1.913,0.975,0.973,45.7,,70
Sweden,SWE,EU,2001,,,,,,90,1.911,0.975,0.973,51.8,,90
Sweden,SWE,EU,2002,1.84,1.96,2.2,1.59,1.51,93,1.901,0.975,0.973,70.6,,90
Sweden,SWE,EU,2003,1.89,2.02,2.15,1.61,1.55,93,1.905,0.975,0.973,79.1,,90
Sweden,SWE,EU,2004,1.87,2.1,2.13,1.67,1.74,92,1.911,0.975,0.973,83.9,,90
Sweden,SWE,EU,2005,1.8,1.89,2.01,1.53,1.58,92,1.889,0.975,0.973,84.8,,90
Sweden,SWE,EU,2006,1.85,1.8,2.19,1.44,1.49,92,1.906,0.975,0.973,87.8,,90
Sweden,SWE,EU,2007,1.89,2.02,2.23,1.57,1.51,93,1.914,0.979,0.973,82,,90
Sweden,SWE,EU,2008,1.92,1.95,2.21,1.64,1.52,93,1.922,0.979,0.973,90,,90
Sweden,SWE,EU,2009,1.96,2.04,2.24,1.65,1.55,92,1.92,0.979,0.973,91,,90
Sweden,SWE,EU,2010,1.93,1.96,2.22,1.66,1.54,92,1.931,0.979,0.973,90,,95
Sweden,SWE,EU,2011,1.92,1.93,2.17,1.89,1.61,93,1.932,0.977,0.973,92.8,62.1,90
Sweden,SWE,EU,2012,1.93,1.91,2.28,1.9,1.69,88,1.939,0.977,0.978,93.2,64.8,90
Sweden,SWE,EU,2013,1.95,1.79,2.24,1.9,1.66,89,1.916,0.976,0.978,94.8,61.4,90
Sweden,SWE,EU,2014,1.98,1.68,2.11,1.81,1.61,87,1.879,0.976,0.978,92.5,62.3,90
Sweden,SWE,EU,2015,1.99,1.68,2.15,1.8,1.57,89,1.972,0.974,0.974,90.6,62.4,90
Sweden,SWE,EU,2016,1.95,1.66,2.11,1.84,1.57,88,1.959,0.973,0.974,89.7,63.6,90
Sweden,SWE,EU,2017,1.82,1.68,2.1,1.79,1.57,84,1.953,0.973,0.974,93,63.8,89
Sweden,SWE,EU,2018,1.78,1.67,2.11,1.83,1.58,85,1.933,0.964,0.974,89.2,63.1,93
Sweden,SWE,EU,2019,1.79,1.67,2.09,1.79,1.56,85,1.894,0.964,0.974,94.5,63.7,90
Sweden,SWE,EU,2020,1.77,1.67,2.09,1.68,1.5,85,1.897,0.962,0.974,94.5,62.5,89
Sweden,SWE,EU,2021,1.7,1.61,2.1,1.75,1.49,85,1.896,0.965,0.966,94.7,63.1,87
Sweden,SWE,EU,2022,1.69,1.57,2.06,1.68,1.53,83,1.863,0.959,0.977,95,61.6,97
Sweden,SWE,EU,2023,1.6,1.6,2.03,1.72,1.57,82,1.822,0.953,0.977,95.7,64.22,97
Sweden,SWE,EU,2024,,,,,,80,1.815,0.953,0.977,,64.5,96
Sweden,SWE,EU,2025,,,,,,,,,,,62.6,97
