,TIME_PERIOD,ROL,GE,COC,RQ,VAA,CPI,FOP,JI,IUI,CFI,PR,DI,EDBS,DBP,DBD,SSB,DWCP,PMSI,PT,EC,ELFE
14,2014,0.87,0.77,0.68,1.06,1.11,61.0,0.975,0.957,66.6,40.6,60,7.47,76.86527110325324,5.0,37.0,82.75753136316895,76.95303665501578,66.0,77.7283631864674,64.826246104483,5.15
15,2015,0.8,0.74,0.69,0.95,1.04,62.0,0.965,0.874,68.0,40.2,60,7.09,76.86527110325324,5.0,37.0,82.75753136316895,75.499244425099,66.0,77.7283631864674,63.437357215594,5.3
16,2016,0.59,0.65,0.76,0.91,0.84,62.0,0.745,0.783,73.3,40.2,65,6.83,76.888425006785,5.0,37.0,82.711079712512,75.53228936477,66.0,79.141239486985,63.437357215594,5.2
17,2017,0.4,0.55,0.7,0.81,0.78,60.0,0.709,0.69,76.0,42.0,61,6.67,77.649190034668,5.0,37.0,82.752840150967,77.966096271811,66.0,79.105835731116,63.437357215594,5.0
18,2018,0.38,0.55,0.62,0.87,0.71,60.0,0.709,0.595,77.5,41.7,62,6.67,77.82597972052,5.0,37.0,82.780110350102,77.975538426611,66.0,79.495815659327,63.437357215594,4.8
19,2019,0.39,0.51,0.61,1.01,0.67,58.0,0.704,0.572,80.4,41.3,62,6.62,76.901920545074,5.0,37.0,82.848011937395,77.999048973608,66.0,76.490761458316,64.36328314152,5.1
20,2020,0.52,0.32,0.62,0.85,0.62,56.0,0.707,0.57,83.2,40.0,63,6.85,76.389915963137,5.0,37.0,82.75753136316895,78.020022100811,66.0,76.831745719469,64.36328314152,5.3
21,2021,0.43,0.25,0.55,0.83,0.58,56.0,0.641,0.542,85.4,39.9,63,6.8,76.2007332262943,5.0,37.0,82.72657301401887,76.31602683870814,66.0,76.51657212502941,63.900320178557,5.8
22,2022,0.43,0.26,0.51,0.72,0.6,55.0,0.616,0.57,86.9,37.5,72,7.04,76.2007332262943,5.0,37.0,82.72657301401887,76.31602683870814,66.0,76.51657212502941,63.900320178557,4.7
